CÓDIGO ATUAL,NOME ATUAL,NOME NOVO,PROPOSTA DO DÓRIA
1012-10,TERM. JD. BRITANIA – JD. MONTE BELO,,EXTINTA
1015-10,TERM. JD. BRITÂNIA – CHÁC. MARIA TRINDADE,TERM. JD. BRITÂNIA – CHÁC. MARIA TRINDADE,MANTIDA
1016-10,CEM. DO HORTO – SHOP. CENTER NORTE,CEM. DO HORTO – METRÔ PARADA INGLESA,CORTADA
1017-10,PERUS – CONEXÃO VL. IÓRIO,,EXTINTA
1018-10,VL. ROSA – METRÔ SANTANA,VL. ROSA – METRÔ TUCURUVI,CORTADA
1019-10,SOL NASCENTE – TERM. PIRITUBA,SOL NASCENTE – TERM. PIRITUBA,MANTIDA
1020-10,PERUS – CONEXÃO VL. IÓRIO,,EXTINTA
1021-10,COHAB BRASILÂNDIA – TERM. PIRITUBA,COHAB BRASILÂNDIA – TERM. PIRITUBA,MANTIDA
1024-10,JD. CAROMBÉ – CONEXÃO PETRÔNIO PORTELA,JD. CAROMBÉ – CONEXÃO PETRÔNIO PORTELA,MANTIDA
1025-10,JD. CAROMBÉ – CONEXÃO PETRÔNIO PORTELA,JD. CAROMBÉ – CONEXÃO PETRÔNIO PORTELA,MANTIDA
1026-10,VL. IARA – CONEXÃO PETRÔNIO PORTELA,VL. IARA – CONEXÃO PETRÔNIO PORTELA,MANTIDA
1034-10,VL. IARA – CONEXÃO VL. IÓRIO,,EXTINTA
1036-10,COHAB BRASILÂNDIA – CONEXÃO VL. IÓRIO,,EXTINTA
106A-10,METRÔ SANTANA – ITAIM BIBI,METRÔ SANTANA – PQ. DO POVO,CORTADA
107T-10,METRÔ TUCURUVI – TERM. PINHEIROS,METRÔ TUCURUVI – TERM. AMARAL GURGEL,CORTADA
1156-10,VL. SABRINA – PÇA. DO CORREIO,VL. SABRINA – PÇA. DO CORREIO,MANTIDA
1177-10,TERM. A. E. CARVALHO – LUZ,TERM. A. E. CARVALHO – TERM. PRINC. ISABEL,CORTADA
1177-31,TERM. A. E. CARVALHO – LUZ,,EXTINTA
1178-10,SÃO MIGUEL – PÇA. DO CORREIO,TERM. SÃO MIGUEL – PÇA. DO CORREIO,MANTIDA
1178-31,SÃO MIGUEL – PÇA. DO CORREIO,,EXTINTA
1178-32,ABEL TAVARES – PÇA. DO CORREIO,,EXTINTA
1178-33,PÇA. DO CORREIO – SÃO MIGUEL,,EXTINTA
1178-42,CONJ. HAB. VL. SÍLVIA – PÇA. DO CORREIO,,EXTINTA
118C-10,JD. PERY ALTO – METRÔ STA. CECÍLIA,JD. PERY ALTO – MANDAQUI,CORTADA
118Y-10,LAUZANE PAULISTA – LAPA,LAUZANE PAULISTA – LAPA,MANTIDA
119C-10,VL. SABRINA – TERM. PRINC. ISABEL,VL. SABRINA – TERM. PRINC. ISABEL,MANTIDA
119L-10,VL. SULINA – TERM. LAPA,,EXTINTA
1206-10,PQ. VL. MARIA – CORREIO,PQ. VL. MARIA – LGO. DA CONCÓRDIA,CORTADA
121G-10,PQ. NOVO MUNDO – METRÔ TUCURUVI,PQ. NOVO MUNDO – METRÔ TUCURUVI,MANTIDA
128Y-10,JD. PERY ALTO – LAPA,JD. PERY ALTO – LAPA,MANTIDA
129F-10,CONEXÃO PETRÔNIO PORTELA – METRÔ BARRA FUNDA,CONEXÃO PETRÔNIO PORTELA – METRÔ BARRA FUNDA,MANTIDA
129F-41,CONEXÃO PETRÔNIO PORTELA – PÇA. DO CORREIO,CONEXÃO PETRÔNIO PORTELA – PÇA. DO CORREIO,MANTIDA
139A-10,VL. IÓRIO – LAPA,,EXTINTA
148L-10,COHAB ANTÁRTICA – LAPA,COHAB ANTÁRTICA – LAPA,MANTIDA
148P-10,JD. PERY – METRÔ BARRA FUNDA,JD. PERY – METRÔ BARRA FUNDA,MANTIDA
1701-10,JOVA RURAL – CARANDIRU,JOVA RURAL- METRÔ TUCURUVI,MANTIDA
1701-21,JOVA RURAL – METRÔ TUCURUVI,,EXTINTA
1701-22,JOVA RURAL – METRÔ TUCURUVI,,EXTINTA
1702-10,JOVA RURAL – TIETÊ,JOVA RURAL – METRÔ CARANDIRU,CORTADA
1703-10,JD. FONTÁLIS – SHOP. CENTER NORTE,CONEXÃO JAÇANÃ – SHOP. CENTER NORTE,CORTADA
1703-10,JD. FONTÁLIS – SHOP. CENTER NORTE,JD. FONTALIS – CONEXÃO JAÇANÃ,CORTADA
1705-10,JD. SÃO JOÃO – METRÔ TUCURUVI,JD. SÃO JOÃO – METRÔ TUCURUVI,MANTIDA
1709-10,JD. JOANA D’ARC – METRÔ TUCURUVI,JD. JOANA D’ARC – METRÔ TUCURUVI,MANTIDA
1709-21,JD. JOAMAR – METRÔ TUCURUVI,,EXTINTA
1720-10,JD. GUANCÃ – CANTAREIRA,CANTAREIRA – METRÔ TUCURUVI,CORTADA
1720-10,JD. GUANCÃ – CANTAREIRA,JD. GUANCÃ – METRÔ TUCURUVI,CORTADA
1720-21,VILA SABRINA – METRÔ TUCURUVI,VL. SABRINA – METRÔ TUCURUVI,MANTIDA
1721-10,VL. SABRINA – METRÔ CARANDIRU,VL. SABRINA – METRÔ CARANDIRU,MANTIDA
1722-10,JD. MARINA – METRÔ TUCURUVI,JD. MARINA – METRÔ TUCURUVI,MANTIDA
1726-10,VL. ZILDA – METRÔ SANTANA,,EXTINTA
172J-10,JD. BRASIL – TATUAPÉ,JD. BRASIL – METRÔ TATUAPÉ,MANTIDA
172K-10,JD. TREMEMBÉ – METRÔ TATUAPÉ,CONEXÃO TREMEMBÉ – METRÔ TATUAPÉ,MANTIDA
172N-10,SHOP. CENTER NORTE – METRÔ BELÉM,SHOP. CENTER NORTE – METRÔ BELÉM,MANTIDA
172N-21,UNINOVE – METRÔ BELÉM,UNINOVE – METRÔ BELÉM,MANTIDA
172N-22,CATUMBI – METRÔ BELÉM,CATUMBI – METRÔ BELÉM,MANTIDA
172P-10,VL. ZILDA – METRÔ BELÉM,VL. ZILDA – METRÔ BELÉM,MANTIDA
172R-10,JAÇANÃ – METRÔ BELÉM,CONEXÃO JAÇANÃ – METRÔ BELÉM,MANTIDA
172U-10,CEM. PQ. DOS PINHEIROS – MOOCA,CEM. PQ. DOS PINHEIROS – METRÔ BRESSER,CORTADA
172X-10,PQ. NOVO MUNDO – METRÔ TATUAPÉ,PQ. NOVO MUNDO – METRÔ TATUAPÉ,MANTIDA
172Y-10,VL. CONSTANÇA – METRÔ BELÉM,VL. CONSTANÇA – METRÔ BELÉM,MANTIDA
1730-10,CENTER NORTE – SANTANA,CENTER NORTE – SANTANA,MANTIDA
1732-10,VL. SABRINA – METRÔ STA. CECÍLIA,VL. SABRINA – METRÔ SANTANA,CORTADA
1738-10,VL. CONSTANÇA – METRÔ SANTANA,VL. CONSTANÇA – METRÔ SANTANA,MANTIDA
1741-10,VL. DIONISIA – METRÔ SANTANA,VL. DIONISIA – METRÔ SANTANA,MANTIDA
1742-10,JD. ANTÁRTICA – METRÔ SANTANA,JD. ANTÁRTICA – METRÔ SANTANA,MANTIDA
1743-10,JD. PERY ALTO – SHOP. D,JD. PERY ALTO – SHOP. D,MANTIDA
1744-10,LAUZANE PAULISTA – METRÔ SANTANA,LAUZANE PAULISTA – METRÔ SANTANA,MANTIDA
1745-10,VL.NOVA CACHOEIRINHA – SHOP. CENTER NORTE,VL.NOVA CACHOEIRINHA – SHOP. CENTER NORTE,MANTIDA
174M-10,JD. BRASIL – MUSEU DO IPIRANGA,JD. BRASIL – LARGO DA CONCÓRDIA,CORTADA
1756-10,PEDRA BRANCA – METRÔ SANTANA,VL. SULINA – TERM. JD. BRITÂNIA,CORTADA
1756-10,PEDRA BRANCA – METRÔ SANTANA,PEDRA BRANCA – METRÔ SANTANA,CORTADA
1757-10,CONJ. DOS BANCÁRIOS – METRÔ SANTANA – CIRCULAR,CONJ. DOS BANCÁRIOS – METRÔ SANTANA,MANTIDA
1758-10,JD. ANTÁRTICA – METRÔ SANTANA,JD. ANTÁRTICA – METRÔ SANTANA,MANTIDA
1759-10,JD. PERY – METRÔ SANTANA,JD. PERY – METRÔ SANTANA,MANTIDA
175P-10,METRÔ SANTANA – ANA ROSA,METRÔ SANTANA – METRÔ ANA ROSA,CORTADA
175T-10,METRÔ SANTANA – METRÔ JABAQUARA,METRÔ SANTANA – JD. AEROPORTO,CORTADA
1760 – 10,COHAB ANTÁRTICA – SHOP. CENTER NORTE,COHAB ANTÁRTICA – SHOP. CENTER NORTE,MANTIDA
1765-10,JD. CABUÇU – METRÔ TUCURUVI,JD. CABUÇU – METRÔ TUCURUVI,MANTIDA
1767-10,EDÚ CHAVES – METRÔ TUCURUVI,EDÚ CHAVES – METRÔ TUCURUVI,MANTIDA
1771-10,VL. ZILDA – METRÔ SANTANA,,EXTINTA
1772-10,JD. FILHOS DA TERRA – METRÔ TUCURUVI,JD. FILHOS DA TERRA – METRÔ TUCURUVI,MANTIDA
1773-10,CEM. PQ. DOS PINHEIROS – MANDAQUI,CEM. PQ. DOS PINHEIROS – CONEXÃO TREMEMBÉ,CORTADA
1775-10,VL. ALBERTINA – SHOP. CENTER NORTE,VL. ALBERTINA – SHOP. CENTER NORTE,MANTIDA
177H-10,METRÔ SANTANA – CID. UNIVERSITÁRIA,METRÔ SANTANA – TERM. PINHEIROS,CORTADA
177Y-10,METRÔ BARRA FUNDA – PINHEIROS,METRÔ BARRA FUNDA – PINHEIROS,MANTIDA
1780-10,JD. HEBRON – TERM. PARADA INGLESA,JD. HEBRON – TERM. PARADA INGLESA,MANTIDA
1782-10,VL. NOVA GALVÃO – METRÔ SANTANA,VILA NOVA GALVÃO – CONEXÃO JAÇANÃ,CORTADA
1783-10,CACHOEIRA – METRÔ SANTANA,CACHOEIRA – CONEXÃO TREMEMBÉ,CORTADA
1783-22,JD. LABITARY – METRÔ SANTANA,,EXTINTA
1783-41,JD. LABITARY – METRÔ PARADA INGLESA,JD. LABITARY – METRÔ PARADA INGLESA,MANTIDA
1785-10,VL. AURORA – METRÔ SANTANA,VL. AURORA – METRÔ SANTANA,MANTIDA
1786-10,VL. ALBERTINA – METRÔ SANTANA,VL. ALBERTINA – METRÔ SANTANA,MANTIDA
1787-10,VL. MARIETA – METRÔ SANTANA,VL. MARIETA – METRÔ TUCURUVI,CORTADA
1788- 10,JAÇANÃ – METRÔ SANTANA,CONEXÃO TREMEMBÉ – METRÔ SANTANA,CORTADA
1788- 10,JAÇANÃ – METRÔ SANTANA,CONEXÃO JAÇANÃ – MANDAQUI (VIA CONEXÃO TREMEMBÉ),CORTADA
1788-10,JD. FONTÁLIS – METRÔ SANTANA,JD. FONTÁLIS – METRÔ SANTANA,MANTIDA
1788-51,JD. CAMPO LIMPO – METRÔ SANTANA,JD. CAMPO LIMPO – METRÔ SANTANA,MANTIDA
178A-10,METRÔ SANTANA – LAPA,METRÔ SANTANA – METRÔ BARRA FUNDA,CORTADA
178L-10,LAUZANE PAULISTA – HOSP. DAS CLÍNICAS,METRÔ SANTANA – METRÔ VL. MADALENA,CORTADA
178T-10,METRÔ SANTANA – CEASA,METRÔ SANTANA – LAPA,CORTADA
178Y-10,VL. AMÉLIA – METRÔ JD. SÃO PAULO,VL. AMÉLIA – METRÔ JD. SÃO PAULO,MANTIDA
178Y-21,CONJ. DOS BANCÁRIOS – METRÔ JD. SÃO PAULO,CONJ. DOS BANCÁRIOS – METRÔ JD. SÃO PAULO,MANTIDA
179X-10,JD. FONTÁLIS – METRÔ BARRA FUNDA,,EXTINTA
189L-10,CONEXÃO VL. IÓRIO – LAPA,,EXTINTA
199D-10,CONEXÃO VL. IÓRIO – TERM. PINHEIROS,CONEXÃO VL. IÓRIO – TERM. PINHEIROS,MANTIDA
2002-10,TERM. PQ. D. PEDRO II – TERM. BANDEIRA,TERM. PQ. D. PEDRO II – TERM. BANDEIRA,MANTIDA
2004-10,JD. NSA. SRA. DO CAMINHO – CPTM GUAIANAZES,JD. NSA. SRA. DO CAMINHO – CPTM GUAIANAZES,MANTIDA
2005-10,JD. ROMANO – SÃO MIGUEL,JD. ROMANO – SÃO MIGUEL,MANTIDA
2006-10,CID. KEMEL I – CPTM ITAIM PAULISTA,CID. KEMEL I – CPTM ITAIM PAULISTA,MANTIDA
2007-10,CID. KEMEL II – CPTM ITAIM PAULISTA,CID. KEMEL II – CPTM ITAIM PAULISTA,MANTIDA
2008-10,JD. NSA. SRA. DO CAMINHO – CPTM ITAIM PAULISTA,JD. NSA. SRA. DO CAMINHO – CPTM ITAIM PAULISTA,MANTIDA
2009-10,JD. ROBRU – CPTM GUAIANAZES,JD. ROBRU – CPTM GUAIANAZES,MANTIDA
2010-10,JD. BRASIL – SHOP. D,JD. BRASIL – SHOP. D,MANTIDA
2010-21,JD. BRASIL – METRÔ SANTANA,,EXTINTA
2011-10,EDÚ CHAVES – METRÔ SANTANA,EDÚ CHAVES – METRÔ SANTANA,MANTIDA
2012-10,VL. EDE – METRÔ TIETÊ,VILA EDE – SHOP. D,CORTADA
2013-10,COHAB ANTÁRTICA – CACHOEIRINHA,COHAB ANTÁRTICA – CACHOEIRINHA,MANTIDA
2014-10,JD. PERY ALTO – METRÔ BARRA FUNDA,JD. PERY ALTO -TERM. CASA VERDE,CORTADA
2016-10,JD. DAS OLIVEIRAS – SÃO MIGUEL,JD. DAS OLIVEIRAS – SÃO MIGUEL,MANTIDA
2017-10,JD. ROBRU – SÃO MIGUEL,JD. ROBRU – SÃO MIGUEL,MANTIDA
2018-10,JD. CAMPOS – SÃO MIGUEL,JD. CAMPOS – SÃO MIGUEL,MANTIDA
2019-10,PQ. PAINEIRAS – SHOP. PENHA,,EXTINTA
2020-10,HORTO FLORESTAL – METRÔ PARADA INGLESA,HORTO FLORESTAL – METRÔ PARADA INGLESA,MANTIDA
2021-10,JD. BANDEIRANTES – CPTM GUAIANAZES,JD. BANDEIRANTES – CPTM GUAIANAZES,MANTIDA
2023-10,CACHOEIRA – METRÔ TUCURUVI,CACHOEIRA – METRÔ TUCURUVI,MANTIDA
2024-10,DIB – CACHOEIRA,DIB – CACHOEIRA,MANTIDA
2025-10,VL. NOVA GALVÃO – SANTANA,VL. NOVA GALVÃO – CONEXÃO JAÇANÃ,CORTADA
2026-10,JAÇANÃ – PQ. NOVO MUNDO,JAÇANÃ – PQ. NOVO MUNDO,MANTIDA
2028-10,VL. AYROSA – METRÔ TUCURUVI,VL. AYROSA – CONEXÃO JAÇANÃ,CORTADA
2029-10,JD. FONTÁLIS – METRÔ TUCURUVI,JD. RECANTO VERDE – METRÔ TUCURUVI,CORTADA
2030-10,LAUZANE PAULISTA – METRÔ SANTANA,LAUZANE PAULISTA – METRÔ SANTANA,MANTIDA
2031-10,CID. KEMEL II – TERM. A. E. CARVALHO,CID. KEMEL II – TERM. A. E. CARVALHO,MANTIDA
2032-10,PQ. EDÚ CHAVES – METRÔ CARANDIRU,PQ. EDÚ CHAVES – METRÔ CARANDIRU,MANTIDA
2033-10,JD. GUANCÃ – TERM. ROD. TIETÊ,JD. GUANCÃ – TIETÊ,MANTIDA
2058-10,TERM. SÃO MIGUEL – CPTM GUAIANAZES,,EXTINTA
2059-10,SÃO MIGUEL – CPTM GUAIANAZES,CPTM SÃO MIGUEL – CPTM GUAIANAZES,MANTIDA
2060-10,TERM. A. E. CARVALHO – METRÔ ARTUR ALVIM,TERM. A. E. CARVALHO – METRÔ ARTUR ALVIM,MANTIDA
2076-10,JD. DAS OLIVEIRAS – TERM. PENHA,TERM. SÃO MIGUEL – TERM. PENHA,CORTADA
2079-10,JD. NÉLIA – CPTM ITAIM PAULISTA,JD. NÉLIA – CPTM ITAIM PAULISTA,MANTIDA
2080-10,CID. KEMEL – TERM. ARICANDUVA,CID. KEMEL – TERM. ARICANDUVA,MANTIDA
2088-10,CONJ. ENCOSTA NORTE – TERM. A. E. CARVALHO,CONJ. ENCOSTA NORTE – TERM. A. E. CARVALHO,MANTIDA
208M-10,METRÔ SANTANA – TERM. PINHEIROS,,EXTINTA
208V-10,TERM. A. E. CARVALHO – TERM. PQ. D. PEDRO II,TERM. A. E. CARVALHO – TERM. PQ. D. PEDRO II,MANTIDA
209P-10,CACHOEIRINHA – TERM. PINHEIROS,CACHOEIRINHA – TERM. PINHEIROS,MANTIDA
2100-10,TERM. VL. CARRÃO – PÇA. DA SÉ,TERM. VL. CARRÃO – PÇA. DA SÉ,MANTIDA
2101-10,PÇA. SILVIO ROMERO – PÇA. DA SÉ,PÇA. SILVIO ROMERO – PÇA DA SÉ,MANTIDA
2101-41,PÇA. SILVIO ROMERO – VL. PRUDENTE,PÇA. SILVIO ROMERO – VL. PRUDENTE,MANTIDA
2104-10,METRÔ SANTANA – TERM. PQ. D. PEDRO II,MANDAQUI – TERM. PQ. D. PEDRO II,CORTADA
2105-10,JD. FILHOS DA TERRA – LGO. DA CONCÓRDIA,JD. FILHOS DA TERRA – METRÔ SANTANA,CORTADA
211L-10,MANDAQUI – LAPA,,EXTINTA
211V-10,VL. PARANAGUÁ – PENHA,,EXTINTA
2123-10,VL. MEDEIROS – LIBERDADE,VL. MEDEIROS – LIBERDADE,MANTIDA
2127-10,JD. BRASIL – LIBERDADE,JD. BRASIL – LIBERDADE,MANTIDA
213C-10,VL. CALIFÓRNIA – ITAIM PAULISTA,VL. CALIFÓRNIA – SÃO MATEUS,CORTADA
213C-31,VL. CALIFÓRNIA – ITAIM PAULISTA,,EXTINTA
"2,13E-08",EDÚ CHAVES – METRÔ BELÉM,EDÚ CHAVES – METRÔ BELÉM,MANTIDA
2161-10,PQ. EDÚ CHAVES – PÇA. DO CORREIO,PQ. EDÚ CHAVES – TERM. PQ. D. PEDRO II,CORTADA
2182-10,JD. BRASIL – PÇA. DO CORREIO,JD. BRASIL – PÇA. DO CORREIO,MANTIDA
2201-10,DIV. DE FERRAZ – CPTM GUAIANAZES,DIV. DE FERRAZ – CPTM GUAIANAZES,MANTIDA
2202-10,HOSP. ITAIM – CPTM GUAIANAZES,HOSP. ITAIM – CPTM GUAIANAZES,MANTIDA
2203-10,BURGO PAULISTA – SHOP. PENHA,,EXTINTA
2290-10,TERM. SÃO MATEUS – TERM. PQ. D. PEDRO II,TERM. SÃO MATEUS – TERM. PQ. D. PEDRO II,MANTIDA
2290-21,SÃO MATEUS – TERM. PQ. D. PEDRO II,TERM. SÃO MATEUS – TERM. PQ. D. PEDRO II,MANTIDA
233A-10,JD. HELENA – CERET,JD. HELENA – TERM. VL. CARRÃO,CORTADA
233C-10,TERM. A. E. CARVALHO – CERET,METRÔ ITAQUERA – CERET,CORTADA
2363-10,JD. DANFER – TERM. PQ. D. PEDRO II,JD. DANFER – TERM. PQ. D. PEDRO II,MANTIDA
2435-10,JD. COIMBRA – TERM. ARICANDUVA,JD. COIMBRA – TERM. ARICANDUVA,MANTIDA
2451-10,VL. SÃO FRANCISCO – TERM. ARICANDUVA,VL. SÃO FRANCISCO – TERM. ARICANDUVA,MANTIDA
2460-10,CEM. DA SAUDADE – TERM. A. E. CARVALHO,CEM. DA SAUDADE – TERM. A. E. CARVALHO,MANTIDA
2463-10,BURGO PAULISTA – TERM. ARICANDUVA,TERM. A. E. CARVALHO – VILA JACUI CIRCULAR 2,CORTADA
2522-10,JD. STO. ANTÔNIO – METRÔ ITAQUERA,JD. STO. ANTÔNIO – METRÔ ITAQUERA,MANTIDA
2523-10,VL. PROGRESSO – TERM. A. E. CARVALHO,VL. PROGRESSO – TERM. A. E. CARVALHO,MANTIDA
253F-10,TERM. A. E. CARVALHO – TERM. SÃO MATEUS,TERM. A. E. CARVALHO – CPTM DOM BOSCO,CORTADA
2551-10,TERM. A. E. CARVALHO – TERM. PQ. D. PEDRO II,,EXTINTA
2552-10,VL. MARA – TERM. PQ. D. PEDRO II,CPTM VL. MARA – TERM. PQ. D. PEDRO II,CORTADA
2552-41,JD. SÃO MARTINHO – TERM. PQ. D. PEDRO II,,EXTINTA
2582-10,VL. NOVA CURUÇÁ – TERM. PQ. D. PEDRO II,VL. NOVA CURUÇÁ – TERM. SÃO MIGUEL,CORTADA
2582-10,VL. NOVA CURUÇÁ – TERM. PQ. D. PEDRO II,VL. NOVA CURUÇÁ – TERM. PQ. D. PEDRO II,MANTIDA
2582-21,CID. PEDRO JOSÉ NUNES – TERM. PQ. D. PEDRO II,,EXTINTA
2583-10,VL. CURUÇÁ – TERM. ARICANDUVA,VL. CURUÇÁ – TERM. SÃO MIGUEL,CORTADA
2583-10,VL. CURUÇÁ – TERM. ARICANDUVA,VL. CURUÇÁ – TERM. ARICANDUVA,MANTIDA
2590-10,UNIÃO DE VL. NOVA – PQ. D. PEDRO II,UNIÃO DE VL. NOVA – TERM. ARICANDUVA,CORTADA
2590-10,UNIÃO DE VL. NOVA – PQ. D. PEDRO II,UNIÃO DE VL. NOVA – PQ. D. PEDRO II,MANTIDA
2626-10,JD. NAZARÉ – TERM. PQ. D. PEDRO II,JD. NAZARÉ – TERM. SÃO MIGUEL,CORTADA
2626-10,JD. NAZARÉ – TERM. PQ. D. PEDRO II,JD. NAZARÉ – TERM. PQ. D. PEDRO II,MANTIDA
263C-10,JD. HELENA – COHAB II,JD. HELENA – CPTM JOSÉ BONIFÁCIO,CORTADA
263J-10,PENHA – CONJ. JOSÉ BONIFÁCIO,PENHA – CONJ. JOSÉ BONIFÁCIO,MANTIDA
2666-10,JD. CAMARGO VELHO – TERM. PQ. D. PEDRO II,JD. CAMARGO VELHO – TERM. PQ. D. PEDRO II,MANTIDA
2666-21,JD. CAMARGO VELHO – TERM. PQ. D. PEDRO II,,EXTINTA
2678-10,OLIVEIRINHA – TERM. PQ. D. PEDRO II,OLIVEIRINHA – TERM. PQ. D. PEDRO II,MANTIDA
2678-41,JD. CAMARGO NOVO – TERM. PQ. D. PEDRO II,,EXTINTA
2702-10,VL. AMERICANA – METRÔ ARTUR ALVIM,VL. PROGRESSO – TERM. SÃO MIGUEL,CORTADA
2702-21,JD. PEDRO JOSÉ NUNES – METRÔ ARTUR ALVIM,,EXTINTA
2703-10,JD. ETELVINA – METRÔ ITAQUERA,JD. ETELVINA – METRÔ ITAQUERA,MANTIDA
2703-21,JD. ETELVINA – METRÔ ITAQUERA,JD. ETELVINA – METRÔ ITAQUERA,MANTIDA
2703-22,JD. GIANETTI – METRÔ ITAQUERA,,EXTINTA
2704-10,JD. ROBRU – METRÔ ITAQUERA,JD. ROBRU – METRÔ ITAQUERA,MANTIDA
2705-10,JD. FANGANIELO – METRÔ ITAQUERA,JD. FANGANIELO – METRÔ ITAQUERA,MANTIDA
2706-10,CEM. DA SAUDADE – METRÔ VL. MATILDE,,EXTINTA
2707-10,CHABILÂNDIA – METRÔ ITAQUERA,CHABILÂNDIA – METRÔ ITAQUERA,MANTIDA
2707-31,CHABILÂNDIA – METRÔ ITAQUERA,CHABILÂNDIA – METRÔ ITAQUERA,MANTIDA
2708-10,JD. LAJEADO – METRÔ ITAQUERA,JD. LAJEADO – METRÔ ITAQUERA,MANTIDA
2709-10,METRÔ PATRIARCA – VL. UNIÃO,VL. UNIÃO – METRÔ PATRIARCA,MANTIDA
2709-31,METRÔ PATRIARCA – VL. UNIÃO,VL. UNIÃO – METRÔ PATRIARCA,MANTIDA
2710-10,METRÔ PATRIARCA – BURGO PAULISTA,METRÔ PATRIARCA – TERM. A. E. CARVALHO,CORTADA
2710-10,METRÔ PATRIARCA – BURGO PAULISTA,METRÔ PATRIARCA – TERM. A. E. CARVALHO,CORTADA
2710-31,METRÔ PATRIARCA – VL. SÃO FRANCISCO,METRÔ PATRIARCA – TERM. A. E. CARVALHO,CORTADA
2711-10,PONTE RASA – METRÔ PATRIARCA,PONTE RASA – METRÔ PATRIARCA,MANTIDA
2712-10,JD. SÃO NICOLAU – SHOP. METRÔ ITAQUERA,JD. SÃO NICOLAU – SHOP. METRÔ ITAQUERA,MANTIDA
2713-10,METRÔ PENHA – CHÁC. BELA VISTA,METRÔ PENHA- CHÁC. BELA VISTA,MANTIDA
2714-10,METRÔ VL. MATILDE – VL. RUI BARBOSA,METRÔ VL. MATILDE – VL. RUI BARBOSA,MANTIDA
2715-10,VL. SÍLVIA – METRÔ PATRIARCA,VL. SÍLVIA – METRÔ PATRIARCA,MANTIDA
2716-10,CHÁC. CRUZ. DO SUL – METRÔ PENHA,CHÁC. CRUZ. DO SUL – METRÔ PENHA,MANTIDA
2717-10,METRÔ GUILHERMINA/ESPERANÇA – CANGAÍBA,METRÔ GUILHERMINA/ESPERANÇA – CANGAÍBA,MANTIDA
2718-10,VL. SÍLVIA – METRÔ PENHA,,EXTINTA
2719-10,ERMELINO MATARAZZO – METRÔ VL. MATILDE,ERMELINO MATARAZZO – METRÔ VL. MATILDE,MANTIDA
271A-10,TERM. PENHA – METRÔ SANTANA,TERM. PENHA – METRÔ SANTANA,MANTIDA
271A-51,CANGAÍBA – METRÔ SANTANA,CANGAÍBA – TERM. ARICANDUVA,CORTADA
271A-51,CANGAÍBA – METRÔ SANTANA,METRÔ SANTANA – CANGAÍBA,MANTIDA
271C-10,PQ. VL. MARIA – TERM. PRINC. ISABEL,PQ. VL. MARIA – METRÔ SANTANA,CORTADA
271F-10,SHOP. CENTER NORTE – METRÔ BELÉM,SHOP. CENTER NORTE – METRÔ BELÉM,MANTIDA
271M-10,PQ. NOVO MUNDO – METRÔ SANTANA,PQ. NOVO MUNDO – METRÔ SANTANA,MANTIDA
271P-10,CANGAÍBA – LUZ,LUZ – METRÔ BELÉM,CORTADA
2720-10,JD. BELÉM – METRÔ GUILHERMINA/ESPERANÇA,,EXTINTA
2720-31,JD. BELÉM – METRÔ GUILHERMINA/ESPERANÇA,JD. BELÉM – METRÔ GUILHERMINA ESPERANÇA,MANTIDA
2721-10,JD. NAZARÉ – METRÔ ITAQUERA,JD. NAZARÉ – METRÔ ITAQUERA,MANTIDA
2722-10,JD. VERONIA – METRÔ GUILHERMINA/ESPERANÇA,JD. VERONIA – METRÔ GUILHERMINA/ESPERANÇA,MANTIDA
2722-31,METRÔ GUILHERMINA/ESPERANÇA – JD. VERÔNIA,METRÔ GUILHERMINA/ESPERANÇA – JD. VERÔNIA,MANTIDA
2723-10,UNIÃO DE VL. NOVA – METRÔ ITAQUERA,UNIÃO DE VL. NOVA – METRÔ ITAQUERA,MANTIDA
2724-10,METRÔ ARTUR ALVIM – CONJ. ARAUCÁRIA,METRÔ ARTUR ALVIM – CONJ. ARAUCÁRIA,MANTIDA
2725-10,METRÔ ARTUR ALVIM – JD. SÃO CARLOS,JD. SÃO CARLOS – METRÔ ARTUR ALVIM,MANTIDA
2726-10,LIMOEIRO – METRÔ PENHA,,EXTINTA
2727-10,METRÔ ARTUR ALVIM – CONJ. A. E. CARVALHO,METRÔ ARTUR ALVIM – CONJ. A. E. CARVALHO,MANTIDA
2728-10,JD. DO CASTELO – METRÔ PENHA,JD. DO CASTELO – METRÔ PENHA,MANTIDA
272N-10,PQ. NOVO MUNDO – PQ. D. PEDRO II,PQ. NOVO MUNDO – LUZ,CORTADA
2730-10,VL. JACUI – METRÔ ARTUR ALVIM,TERM. A. E. CARVALHO – VILA JACUI CIRCULAR 1,CORTADA
2731-10,VL. PROGRESSO – METRÔ ITAQUERA,VL. PROGRESSO – METRÔ ITAQUERA,MANTIDA
2732-10,METRÔ ARTUR ALVIM – VL. REGINA,METRÔ ARTUR ALVIM – VL. REGINA,MANTIDA
2733-10,PQ. GUARANI – METRÔ ITAQUERA,PQ. GUARANI – METRÔ ITAQUERA,MANTIDA
2734-10,JD. CAMPOS – METRÔ ITAQUERA,JD. CAMPOS – METRÔ ITAQUERA,MANTIDA
2735-10,JD. KERALUX – METRÔ PENHA,JD. KERALUX – METRÔ PENHA,MANTIDA
2735-21,JD. SÃO FRANCISCO – METRÔ PENHA,JD. SÃO FRANCISCO – METRÔ PENHA,MANTIDA
273D-10,PQ. D. JOÃO NERY – METRÔ ARTUR ALVIM,,EXTINTA
273F-10,VL. MARA – METRÔ ITAQUERA,,EXTINTA
273G-10,JD. HELENA – METRÔ ARTUR ALVIM,JD. HELENA – METRÔ ARTUR ALVIM,MANTIDA
273G-21,JD. NOÊMIA – METRÔ ARTUR ALVIM,JD. NOÊMIA – METRÔ ARTUR ALVIM,MANTIDA
273J-10,JD. ROMANO – METRÔ PENHA,TERM. A. E. CARVALHO – METRÔ PENHA,CORTADA
273J-10,JD. ROMANO – METRÔ PENHA,JD. ROMANO – TERM. A. E. CARVALHO,CORTADA
273L-10,CPTM JOSÉ BONIFÁCIO – METRÔ ARTUR ALVIM,CPTM JOSÉ BONIFÁCIO – METRÔ ARTUR ALVIM,MANTIDA
273N-10,CID. KEMEL II – METRÔ VL. MATILDE,CID. KEMEL II – TERM. A. E. CARVALHO,CORTADA
273N-41,ITAIM PAULISTA – METRÔ VL. MATILDE,ITAIM PAULISTA – CPTM SÃO MIGUEL,CORTADA
273R-10,JD. ROBRU – METRÔ ARTUR ALVIM,JD. ROBRU – METRÔ ARTUR ALVIM,MANTIDA
273R-42,JD. ROBRU – METRÔ ITAQUERA,,EXTINTA
273V-10,PARADA XV DE NOVEMBRO – METRÔ PENHA,PARADA XV DE NOVEMBRO – METRÔ ITAQUERA,MANTIDA
273X-10,JD. DAS OLIVEIRAS – METRÔ ARTUR ALVIM,JD. DAS OLIVEIRAS – METRÔ ARTUR ALVIM,MANTIDA
2740-10,PEDRA BRANCA – METRÔ SANTANA,PEDRA BRANCA – METRÔ SANTANA,MANTIDA
274P-10,PENHA – METRÔ VL. MARIANA,CONCÓRDIA – METRÔ VL. MARIANA,CORTADA
2755-10,GUAIANAZES – METRÔ PENHA,,EXTINTA
2756-10,GUAIANAZES – METRÔ PATRIARCA,GUAIANAZES – TERM. A. E. CARVALHO,CORTADA
2762-10,ERMELINO MATARAZZO – METRÔ TATUAPÉ,ERMELINO MATARAZZO – METRÔ TATUAPÉ,MANTIDA
2765-10,VL. CISPER – METRÔ TATUAPÉ,VL. CISPER – METRÔ TATUAPÉ,MANTIDA
2766-10,JD. CAMARGO VELHO – METRÔ ITAQUERA,JD. CAMARGO VELHO – METRÔ ITAQUERA,MANTIDA
2766-41,JD. INDAIÁ – METRÔ ITAQUERA,,EXTINTA
2767-10,CID. PEDRO JOSÉ NUNES – METRÔ TATUAPÉ,CID. PEDRO JOSÉ NUNES – CPTM ERMELINO,MANTIDA
2769-10,JD. ROMANO – METRÔ TATUAPÉ,,EXTINTA
2770-10,CPTM JOSÉ BONIFÁCIO – METRÔ VL. MATILDE,,EXTINTA
2772-10,JD. NAZARÉ – METRÔ PENHA,JD. NAZARÉ – METRÔ PENHA,MANTIDA
2780-10,JD. CAMARGO NOVO – METRÔ ITAQUERA,JD. CAMARGO NOVO- METRÔ ITAQUERA,MANTIDA
278A-10,METRÔ SANTANA – PENHA,,EXTINTA
297A-10,LIMÃO – METRÔ BARRA FUNDA,LIMÃO – METRÔ BARRA FUNDA,MANTIDA
3001-10,ITAIM PAULISTA – TERM. SÃO MIGUEL,ITAIM PAULISTA – TERM. SÃO MIGUEL,MANTIDA
3002-10,JD. MABEL – SÃO MIGUEL,JD. MABEL – SÃO MIGUEL,MANTIDA
3003-10,JD. SÃO MARTINHO – CPTM VL. MARA/ITAIM,JD. SÃO MARTINHO – CPTM VL. MARA/ITAIM,MANTIDA
3004-10,JD. SÃO MARTINHO – CPTM VL. MARA/ITAIM,JD. SÃO MARTINHO – CPTM VL. MARA/ITAIM,MANTIDA
3006-10,JD. FANGANIELO – CPTM GUAIANAZES,JD. FANGANIELO – CPTM GUAIANAZES,MANTIDA
3013-10,TERM. CID. TIRADENTES – METALÚRGICOS,TERM. CID. TIRADENTES – METALÚRGICOS,MANTIDA
3015-10,JD. ROMANO – JD. MABEL,JD. ROMANO – JD. MABEL,MANTIDA
3019-10,TERM. CID. TIRADENTES – VL. PAULISTA I,TERM. CID. TIRADENTES – VL. PAULISTA I,MANTIDA
3020-10,VL. COSMOPOLITA – SHOP. ARICANDUVA,,EXTINTA
3021-10,PQ. BANCÁRIO – VL. PRUDENTE,PQ. BANCÁRIO – VL. PRUDENTE,MANTIDA
3023-10,SHOP. ARICANDUVA – PQ. SÃO RAFAEL,,EXTINTA
3024-10,VL. INDUSTRIAL – VL. PRUDENTE,VL. INDUSTRIAL – VL. PRUDENTE,MANTIDA
3025-10,JD. WILMA FLOR – CPTM GUAIANAZES,JD. WILMA FLOR – CPTM GUAIANAZES,MANTIDA
3026-10,VL. IOLANDA II – CPTM GUAIANAZES,VL. IOLANDA II – CPTM GUAIANAZES,MANTIDA
3027-10,VL. MINERVA – SHOP. ARICANDUVA,,EXTINTA
3029-10,JD. DAS ROSAS – METRÔ TATUAPÉ,JD. DAS ROSAS – METRÔ TATUAPÉ,MANTIDA
3031-10,JD. ALTO PAULISTANO – METRÔ ITAQUERA,JD. ALTO PAULISTANO – METRÔ ITAQUERA,MANTIDA
3032-10,TERM. VL. CARRÃO – CIRCULAR,TERM. VL. CARRÃO – CIRCULAR,MANTIDA
3033-10,GUAIANAZES – SÃO MATEUS,,EXTINTA
3046-10,VL. GUARANI – METRÔ TATUAPÉ,VL. GUARANI – METRÔ TATUAPÉ,MANTIDA
3051-10,ERMELINO MATARAZZO – TERM. A. E. CARVALHO,ERMELINO MATARAZZO – METRÔ ITAQUERA,CORTADA
3053-10,JD. ITÁPOLIS – METRÔ BELÉM,JD. ITÁPOLIS – METRÔ BELÉM,MANTIDA
3054-10,JD. PALANQUE – HOSP. SAPOPEMBA,JD. PALANQUE – CIRCULAR,CORTADA
3054-10,JD. PALANQUE – HOSP. SAPOPEMBA,TERM. SAPOPEMBA – SÃO MATEUS (VIA JD. TIETÊ),CORTADA
3063-10,GUAIANAZES – TERM. SÃO MATEUS,GUAIANAZES – TERM. SÃO MATEUS,MANTIDA
3063-41,GUAIANAZES – TERM. SÃO MATEUS,,EXTINTA
3064-10,CID. TIRADENTES – CPTM GUAIANAZES,METALÚRGICOS – CPTM GUAIANAZES,CORTADA
3064-41,TERM. CID. TIRADENTES – STA. ETELVINA II B6,TERM. CID. TIRADENTES – STA. ETELVINA II B6,MANTIDA
3064-41,TERM. CID. TIRADENTES – STA. ETELVINA II B6,,MANTIDA
3069-10,JD. RECANTO VERDE SOL – TERM. SÃO MATEUS,JD. RECANTO VERDE SOL – TERM. SÃO MATEUS,MANTIDA
307C-10,CONJ. ENCOSTA NORTE – METRÔ ARTUR ALVIM,CONJ. ENCOSTA NORTE – METRÔ ARTUR ALVIM,MANTIDA
3098-10,JD. SÃO FRANCISCO – SHOP. ARICANDUVA,JD. SÃO FRANCISCO – SHOP. ARICANDUVA,MANTIDA
3099-10,HOSP. SÃO MATEUS – JD. DA CONQUISTA,HOSP. SÃO MATEUS – JD. DA CONQUISTA,MANTIDA
3112-10,VL. INDUSTRIAL – METRÔ BELÉM,VL. INDUSTRIAL – TERM. VL. PRUDENTE,CORTADA
311C-10,PQ. SÃO LUCAS – BOM RETIRO,PQ. SÃO LUCAS – TERM. PRINC. ISABEL,CORTADA
312N-10,TERM. CID. TIRADENTES – SÃO MIGUEL PAULISTA,TERM. CID. TIRADENTES – SÃO MIGUEL PAULISTA,MANTIDA
3134-10,SHOP. ARICANDUVA – METRÔ TAMANDUATEÍ,"SHOP.
ARICANDUVA – METRÔ TAMANDUATEÍ",MANTIDA
3139-10,JD. VL. FORMOSA – PÇA. JOÃO MENDES,JD. VL. FORMOSA – PÇA. DA REPÚBLICA,CORTADA
3139-31,JD. VL. FORMOSA – PÇA. DA REPÚBLICA,,EXTINTA
3141-10,SÃO MATEUS – TERM. PQ. D. PEDRO II,SÃO MATEUS – TERM. PQ. D. PEDRO II,MANTIDA
314J-10,PQ. STA. MADALENA – PÇA. ALMEIDA JR.,TERM. VL. PRUDENTE – PÇA. ALMEIDA JR,CORTADA
314J-10,PQ. STA. MADALENA – PÇA. ALMEIDA JR.,PQ. STA. MADALENA – TERM. VL. PRUDENTE,CORTADA
314V-10,VL. EMA – PÇA. ALMEIDA JR.,,EXTINTA
3160-10,TERM. VL. PRUDENTE – TERM. PQ. D. PEDRO II,TERM. VL. PRUDENTE – TERM. PQ. D. PEDRO II,MANTIDA
3161-10,JD. COLORADO – TERM. PQ. D. PEDRO II,JD. COLORADO – TERM. PQ. D. PEDRO II,MANTIDA
3206-10,METRÔ PENHA – CONJ. CHAPARRAL,METRÔ PENHA – CONJ. CHAPARRAL,MANTIDA
3301-10,TERM. SÃO MIGUEL – TERM. PQ. D. PEDRO II,TERM. SÃO MIGUEL – TERM. PQ. D. PEDRO II,MANTIDA
3390-10,SÃO MATEUS – TERM. PQ. D. PEDRO II,SÃO MATEUS – TERM. PQ. D. PEDRO II,MANTIDA
3414-10,VL. DALILA – TERM. PQ. D. PEDRO II,VL. DALILA – TERM. PQ. D. PEDRO II,MANTIDA
342C-10,JD. MARÍLIA – PENHA,JD. MARÍLIA – PENHA,MANTIDA
342M-10,TERM. SÃO MATEUS – TERM. PENHA,TERM. SÃO MATEUS – TERM. PENHA,MANTIDA
342N-10,COHAB PRES. JUSCELINO KUBITSCHECK – E.T. ITAQUERA,COHAB PRES. JUSCELINO KUBITSCHECK – E.T. ITAQUERA,MANTIDA
3459-10,ITAIM PAULISTA – TERM. PQ. D. PEDRO II,ITAIM PAULISTA – TERM. PQ. D. PEDRO II,MANTIDA
3459-21,CEM. DA SAUDADE – TERM. PQ. D. PEDRO II,,EXTINTA
3459-23,METRÔ BRESSER – ITAIM PAULISTA,,EXTINTA
3459-24,ITAIM PAULISTA – TERM. PQ. D. PEDRO II,METRÔ BRESSER – ITAIM PAULISTA,CORTADA
3462-10,VL. SANTANA – METRÔ TATUAPÉ,VL. SANTANA – METRÔ VL. MATILDE,CORTADA
3462-41,JD. VL. NOVA – METRÔ TATUAPÉ,JD. VL. NOVA – METRÔ TATUAPÉ,MANTIDA
351F-10,"JAÇANÃ
– TERM. VL. CARRÃO",TERM. VL. CARRÃO – BELENZINHO,CORTADA
352A-10,JD. HELENA – TERM. SÃO MATEUS,,EXTINTA
3539-10,CID. TIRADENTES – METRÔ BRESSER,TERM. CID. TIRADENTES – METRÔ ITAQUERA,CORTADA
354M-10,TERM. SÃO MIGUEL – TERM. SÃO MATEUS,,EXTINTA
364A-10,HOSP. IPIRANGA – SHOP. ARICANDUVA,TERM. SAPOPEMBA – SHOP. ARICANDUVA,CORTADA
3686-10,JD. SÃO PAULO – TERM. PQ. D. PEDRO II,JD. SÃO PAULO – TERM. PQ. D. PEDRO II,MANTIDA
3712-10,JD. SÃO JOÃO – METRÔ ITAQUERA,JD. SÃO JOÃO – METRÔ ITAQUERA,MANTIDA
3718-10,METRÔ ARTUR ALVIM – NOVA AMERICA,METRÔ ARTUR ALVIM – NOVA AMERICA,MANTIDA
3721-10,SHOP. ARICANDUVA – METRÔ ARTUR ALVIM,SHOP. ARICANDUVA – METRÔ ARTUR ALVIM,MANTIDA
3721-41,SHOP. ARICANDUVA – METRÔ ITAQUERA,SHOP. ARICANDUVA – METRÔ ITAQUERA,MANTIDA
3722-10,COHAB JOSÉ BONIFÁCIO – METRÔ PENHA,,EXTINTA
3725-10,METRÔ VL. MATILDE – VL. DALILA,METRÔ VL. MATILDE – VL. DALILA,MANTIDA
3725-41,METRÔ VL. MATILDE – VL. ARICANDUVA,METRÔ VL. MATILDE – VL. ARICANDUVA,MANTIDA
3728-10,METRÔ ARTUR ALVIM – PQ. SAVOY CITY,METRÔ ARTUR ALVIM – PQ. SAVOY CITY,MANTIDA
3728-41,METRÔ ARTUR ALVIM – PQ. NOVA SAVOY,METRÔ ARTUR ALVIM – PQ. NOVA SAVOY,MANTIDA
3729-10,SHOP. ARICANDUVA – METRÔ CARRÃO,SHOP. ARICANDUVA – METRÔ CARRÃO,MANTIDA
372F-10,UNIV. SÃO JUDAS TADEU – METRÔ BRESSER,UNIV. SÃO JUDAS TADEU – METRÔ BRESSER,MANTIDA
372U-10,VL. STA. ISABEL – METRÔ TATUAPÉ,VL. STA. ISABEL – METRÔ TATUAPÉ,MANTIDA
3731-10,SHOP. ARICANDUVA – METRÔ VL. MATILDE,SHOP. ARICANDUVA – METRÔ VL. MATILDE,MANTIDA
3732-10,CPTM JOSÉ BONIFÁCIO – METRÔ ITAQUERA,CPTM JOSÉ BONIFÁCIO – METRÔ ITAQUERA,MANTIDA
3734-10,CID. LIDER – METRÔ ARTUR ALVIM,CID. LIDER – METRÔ ARTUR ALVIM,MANTIDA
3735-10,METRÔ ARTUR ALVIM – JD. SÃO JOÃO,METRÔ ARTUR ALVIM – JD. SÃO JOÃO,MANTIDA
3735-21,METRÔ ARTUR ALVIM – JD. SÃO JOÃO,METRÔ ARTUR ALVIM – JD. SÃO JOÃO,MANTIDA
3735-41,JD. SÃO JOSÉ – METRÔ ARTUR ALVIM,JD. SÃO JOSÉ – METRÔ ARTUR ALVIM,MANTIDA
3736-10,JD. NSA. SRA. DO CARMO – METRÔ ARTUR ALVIM,JD. NSA. SRA. DO CARMO – METRÔ ARTUR ALVIM,MANTIDA
3737-10,SHOP. ARICANDUVA – METRÔ GUILHERMINA/ESPERANÇA,SHOP. ARICANDUVA – METRÔ GUILHERMINA/ESPERANÇA,MANTIDA
3737-21,JD. STA. MARIA – METRÔ GUILHERMINA/ESPERANÇA,,EXTINTA
3737-31,METRÔ GUILHERMINA/ESPERANÇA  – CIRCULAR,METRÔ GUILHERMINA/ESPERANÇA  – CIRCULAR,MANTIDA
3738-10,COHAB JUSCELINO – METRÔ ITAQUERA,COHAB JUSCELINO – METRÔ ITAQUERA,MANTIDA
3739-10,RECANTO VERDE SOL – METRÔ ITAQUERA,RECANTO VERDE SOL – METRÔ ITAQUERA,MANTIDA
3739-31,SÃO TEODORO – CENTRO DE ITAQUERA,SÃO TEODORO – CENTRO DE ITAQUERA,MANTIDA
373L-10,JD. LIMOEIRO – METRÔ ITAQUERA,JD. LIMOEIRO – METRÔ ITAQUERA,MANTIDA
373M-10,JD. GUAIRACÁ – SHOP. METRÔ TATUAPÉ,JD. GUAIRACÁ – TERM. VL. PRUDENTE,CORTADA
373T-10,JD. ITÁPOLIS – METRÔ BRESSER,TERM. VL. PRUDENTE – METRÔ BRESSER,CORTADA
373T-10,JD. ITÁPOLIS – METRÔ BRESSER,JD. ITAPOLIS – TERM. SACOMÃ,CORTADA
3741-10,CPTM D. BOSCO – METRÔ ITAQUERA,CPTM D. BOSCO – METRÔ ITAQUERA,MANTIDA
3742-10,JD. LARANJEIRA – METRÔ ITAQUERA,JD. LARANJEIRA – METRÔ ITAQUERA,MANTIDA
3743-10,SÃO MATEUS – METRÔ ITAQUERA,SÃO MATEUS – METRÔ ITAQUERA,MANTIDA
3745-10,JD. IMPERADOR – TATUAPÉ,JD. IMPERADOR – TATUAPÉ,MANTIDA
3746-10,JD. IMPERADOR – METRÔ BELÉM,,EXTINTA
3746-31,JD. IMPERADOR – METRÔ BELÉM,,EXTINTA
3749-10,GUAIANAZES – TERM. VL. CARRÃO,GUAIANAZES – METRÔ ITAQUERA,CORTADA
374M-10,CPTM ERMELINO MATARAZZO – METRÔ ITAQUERA,CPTM ERMELINO MATARAZZO – METRÔ ITAQUERA,MANTIDA
374V-10,JD. SANTANA – METRÔ ITAQUERA,VL. JACUÍ – METRÔ ITAQUERA,CORTADA
3751-10,COHAB PRESTES MAIA – METRÔ ITAQUERA,COHAB PRESTES MAIA – METRÔ ITAQUERA,MANTIDA
3751-21,COHAB PRESTES MAIA – METRÔ ITAQUERA,,EXTINTA
3754-10,INÁCIO MONTEIRO – METRÔ ITAQUERA,INÁCIO MONTEIRO – METRÔ ITAQUERA,MANTIDA
3756-10,BARRO BRANCO – METRÔ ITAQUERA,BARRO BRANCO – METRÔ ITAQUERA,MANTIDA
3761-10,3A. DIVISÃO – METRÔ CARRÃO,3A. DIVISÃO – TERM. VL. CARRÃO,MANTIDA
3762-10,JD. IVA – METRÔ TATUAPÉ,JD. IVA – METRÔ TATUAPÉ,MANTIDA
3763-10,TERM. VL. CARRÃO – METRÔ TATUAPÉ,TERM. VL. CARRÃO – METRÔ TATUAPÉ,MANTIDA
3766-10,COHAB II – METRÔ ITAQUERA,COHAB II – METRÔ ITAQUERA,MANTIDA
3768-10,VL. YOLANDA – CPTM JOSÉ BONIFÁCIO,VL. YOLANDA – CPTM JOSÉ BONIFÁCIO,MANTIDA
3773-10,RES. STA. BÁRBARA – METRÔ CARRÃO,RES. STA. BÁRBARA – TERM. SAPOPEMBA,CORTADA
3778-10,JD. STA. TEREZINHA – METRÔ CARRÃO,JD. STA. TEREZINHA – TERM. VL. CARRÃO,MANTIDA
3778-10,JD. STA. TEREZINHA – METRÔ CARRÃO,JD. STA. TEREZINHA – METRÔ CARRÃO,MANTIDA
3785-10,COHAB BARRO BRANCO – METRÔ ITAQUERA,TERM. CID. TIRADENTES – METRÔ ITAQUERA,CORTADA
3787-10,CID. TIRADENTES – METRÔ ITAQUERA,,EXTINTA
3789-10,CID. TIRADENTES – METRÔ ITAQUERA,CID. TIRADENTES – TERM. CID. TIRADENTES,CORTADA
3791-10,SHOP. ARICANDUVA – METRÔ ARTUR ALVIM,SHOP. ARICANDUVA – METRÔ ARTUR ALVIM,MANTIDA
3795-10,JD. SÃO CARLOS – METRÔ ITAQUERA,JD. SÃO CARLOS – METRÔ ITAQUERA,MANTIDA
3796-10,GLEBA DO PESSEGO – METRÔ ITAQUERA,GLEBA DO PESSEGO – METRÔ ITAQUERA,MANTIDA
3901-10,JD. DANFER – METRÔ PENHA,JD. DANFER – METRÔ PENHA,MANTIDA
3902-10,CPTM JD. ROMANO – CPTM GUAIANAZES,CPTM JD. ROMANO – CPTM GUAIANAZES,MANTIDA
3903-10,JD. VL. NOVA – PENHA,VL. ARAGUAIA – METRÔ PENHA,CORTADA
3903-10,JD. VL. NOVA – PENHA,JD. VL. NOVA – PENHA,MANTIDA
"0,000000039",TERM. PENHA – TERM. PQ. D. PEDRO II,TERM. PENHA – TERM. PQ. D. PEDRO II,MANTIDA
4001-10,ITAQUERA – TERM. VL. CARRÃO,ITAQUERA – TERM. VL. CARRÃO,MANTIDA
4002-10,GUAIANAZES – TERM. VL. CARRÃO,GUAIANAZES – TERM. VL. CARRÃO,MANTIDA
4003-10,INÁCIO MONTEIRO – E.T. ITAQUERA,INÁCIO MONTEIRO – E.T. ITAQUERA,MANTIDA
4004-10,TERM. CID. TIRADENTES – BARRO BRANCO,TERM. CID. TIRADENTES – BARRO BRANCO,MANTIDA
4005-10,TERM. CID. TIRADENTES – BARRO BRANCO,TERM. CID. TIRADENTES – BARRO BRANCO,MANTIDA
4006-10,JD. NOVA VITÓRIA – CIRCULAR,JD. NOVA VITÓRIA – CIRCULAR,MANTIDA
4006-21,JD. NOVA VITÓRIA – CIRCULAR,JD. NOVA VITÓRIA – CIRCULAR,MANTIDA
4007-10,COHAB JUSCELINO – TERM. VL. CARRÃO,COHAB JUSCELINO – TERM. VL. CARRÃO,MANTIDA
4008-10,JD. CIBELE – TERM. VL. CARRÃO,JD. CIBELE – TERM. VL. CARRÃO,MANTIDA
4010-10,JD. NSA. SRA. DO CARMO – TERM. VL. CARRÃO,JD. NSA. SRA. DO CARMO – TERM. VL. CARRÃO,MANTIDA
4011-10,JD. LIMOEIRO – TERM. SÃO MATEUS,JD. LIMOEIRO – TERM. SÃO MATEUS,MANTIDA
4012-10,JD. IGUATEMI – TERM. SÃO MATEUS,JD. IGUATEMI – SÃO MATEUS,MANTIDA
4013-10,JD. STO. ANDRÉ – TERM. SÃO MATEUS,JD. STO. ANDRÉ – TERM. SÃO MATEUS,MANTIDA
4014-10,JD. VL. CARRÃO – TERM. VL. CARRÃO,JD. VL. CARRÃO – TERM. VL. CARRÃO,MANTIDA
4015-10,TERM. SÃO MATEUS – JD. RODOLFO PIRANI,TERM. SÃO MATEUS – JD. RODOLFO PIRANI,MANTIDA
4016-10,TERM. SÃO MATEUS – JD. RODOLFO PIRANI,TERM. SÃO MATEUS – JD. RODOLFO PIRANI,MANTIDA
4017-10,VL. YOLANDA – METALÚRGICOS,VL. YOLANDA – METALÚRGICOS,MANTIDA
4018-10,METALÚRGICOS – TERM. SÃO MATEUS,METALÚRGICOS – TERM. SÃO MATEUS,MANTIDA
4024-10,COHAB FAZENDA DO CARMO – E.T. ITAQUERA,COHAB FAZENDA DO CARMO – E.T. ITAQUERA,MANTIDA
4025-10,VL. CALIFÓRNIA – METRÔ TATUAPÉ,VL. CALIFÓRNIA – METRÔ TATUAPÉ,MANTIDA
4027-10,HOSP. SÃO MATEUS – JD. STO. ANDRÉ,HOSP. SÃO MATEUS – JD. STO. ANDRÉ,MANTIDA
4027-41,MORRO DO CRUZEIRO – SÃO MATEUS,MORRO DO CRUZEIRO – HOSP. SÃO MATEUS,CORTADA
4028-10,HOSP. SÃO MATEUS – DIV. DE MAUÁ,HOSP. SÃO MATEUS – DIV. DE MAUÁ,MANTIDA
4029-10,SÃO MATEUS – VL. PRUDENTE,,EXTINTA
4030-10,FAZENDA DA JUTA – SHOP. ARICANDUVA,FAZENDA DA JUTA – SÃO MATEUS,CORTADA
4031-10,PQ. STA. MADALENA – METRÔ TAMANDUATEÍ,PQ. STA. MADALENA – METRÔ TAMANDUATEÍ,MANTIDA
4032-10,VL. DAS MERCÊS – OBJETIVO UNIP,VL. DAS MERCÊS – METRÔ STA. CRUZ,CORTADA
4033-10,JD. GUAIRACÁ – NOVA CONQUISTA,JD. GUAIRACÁ – TERM. SAPOPEMBA,CORTADA
4033-10,JD. GUAIRACÁ – NOVA CONQUISTA,NOVA CONQUISTA – TERM. SAPOPEMBA,CORTADA
403A-10,CPTM JOSÉ BONIFÁCIO – TERM. PENHA,CPTM JOSÉ BONIFÁCIO – TERM. PENHA,MANTIDA
4051-10,JD. SÃO PAULO – CPTM GUAIANAZES,CPTM GUAIANAZES – VL. SOLANGE,CORTADA
4051-10,JD. SÃO PAULO – CPTM GUAIANAZES,JD. SÃO PAULO – CPTM GUAIANAZES,MANTIDA
4052-10,CPTM GUAIANAZES – METRÔ ITAQUERA,,EXTINTA
4053-10,GUAIANAZES – CPTM JOSÉ BONIFÁCIO,GUAIANAZES- CPTM JOSÉ BONIFÁCIO,MANTIDA
4055-10,CPTM GUAIANAZES – VL. SOLANGE,,EXTINTA
4056-10,PQ. BOA ESPERANÇA – TERM. SÃO MATEUS,PQ. BOA ESPERANÇA – TERM. SÃO MATEUS,MANTIDA
407A-10,SHOP. ARICANDUVA – LGO. DA CONCÓRDIA,SHOP. ARICANDUVA – LGO. DA CONCÓRDIA,MANTIDA
"4,07E-08",JD. STO. ANDRÉ – METRÔ CARRÃO,JD. STO. ANDRÉ – METRÔ CARRÃO,MANTIDA
407F-10,TERM. SÃO MATEUS – METRÔ BELÉM,TERM. SÃO MATEUS – METRÔ BELÉM,MANTIDA
407G-10,JD. NOVA VITÓRIA – METRÔ CARRÃO,JD. NOVA VITÓRIA – METRÔ CARRÃO,MANTIDA
407H-10,JD. SÃO FRANCISCO – METRÔ ITAQUERA,JD. SÃO FRANCISCO – METRÔ ITAQUERA,MANTIDA
407I-10,CONJ. MANOEL DA NÓBREGA – METRÔ BRESSER,CONJ. MANOEL DA NÓBREGA – TERM. VL. CARRÃO,MANTIDA
407J-10,JD. SOARES – METRÔ TATUAPÉ,JD. SOARES – METRÔ TATUAPÉ,MANTIDA
407K-10,TERM. SÃO MATEUS – METRÔ CARRÃO,TERM. SÃO MATEUS – METRÔ CARRÃO,MANTIDA
407L-10,BARRO BRANCO – METRÔ GUILHERMINA/ESPERANÇA,BARRO BRANCO – METRÔ GUILHERMINA/ESPERANÇA,MANTIDA
407M-10,VL. MONUMENTO – METRÔ VL. MARIANA,VL. MONUMENTO – METRÔ VL. MARIANA,MANTIDA
407N-10,TERM. CID. TIRADENTES – METRÔ PENHA,TERM. CID. TIRADENTES – METRÔ PENHA,MANTIDA
407N-21,JD. ROSELI – METRÔ PENHA,JD. ROSELI – METRÔ PENHA,MANTIDA
407P-10,TERM. CID. TIRADENTES – METRÔ TATUAPÉ,TERM. CID. TIRADENTES – METRÔ TATUAPÉ,MANTIDA
407R-10,TERM. VL. CARRÃO – METRÔ BELÉM,TERM. VL. CARRÃO – METRÔ BELÉM,MANTIDA
407T-10,JD. REDIL – METRÔ ITAQUERA,JD. REDIL – METRÔ ITAQUERA,MANTIDA
407W-10,JD. IV CENTENÁRIO – METRÔ CARRÃO,JD. IV CENTENÁRIO – METRÔ CARRÃO,MANTIDA
407Y-10,PQ. SAVOY CITY – METRÔ VL. PRUDENTE,PQ. SAVOY CITY – TERM. VL. PRUDENTE,MANTIDA
4085-10,COHAB FAZENDA DO CARMO – METRÔ ITAQUERA,COHAB FAZENDA DO CARMO – METRÔ ITAQUERA,MANTIDA
4086-10,TERM. CID. TIRADENTES – CIRCULAR,TERM. CID. TIRADENTES – CIRCULAR,MANTIDA
408A-10,MACHADO DE ASSIS – CARDOSO DE ALMEIDA,MACHADO DE ASSIS – CARDOSO DE ALMEIDA,MANTIDA
4092-10,TERM. CID. TIRADENTES – SETOR IIB,TERM. CID. TIRADENTES – SETOR IIB,MANTIDA
4093-10,CID. TIRADENTES – TERM. CID. TIRADENTES,,EXTINTA
4111-10,VL. MONUMENTO – PÇA. DA REPÚBLICA,VL. MONUMENTO – TERM. PRINC. ISABEL,CORTADA
4112-10,STA. MARGARIDA MARIA – PÇA. DA REPÚBLICA,STA. MARGARIDA MARIA – PÇA. DA REPÚBLICA,MANTIDA
4113-10,GENTIL DE MOURA – PÇA. DA REPÚBLICA,GENTIL DE MOURA – PÇA. DA REPÚBLICA,MANTIDA
4114-10,VL. GUMERCINDO – TERM. PQ. D. PEDRO II,,EXTINTA
4114-31,VL. GUMERCINDO – TERM. PQ. D. PEDRO II,VL. GUMERCINDO – TERM. PQ. D. PEDRO II,MANTIDA
4115-10,SHOP. PLAZA SUL – PÇA. DA REPÚBLICA,SHOP. PLAZA SUL – TERM. AMARAL GURGEL,CORTADA
414P-10,VL. INDUSTRIAL – TERM. NORTE METRÔ CARRÃO,VL. INDUSTRIAL – TERM. NORTE METRÔ CARRÃO,MANTIDA
4210-10,TERM. CID. TIRADENTES – TERM. PQ. D. PEDRO II,TERM. CID. TIRADENTES – TERM. PQ. D. PEDRO II,MANTIDA
4221-10,JD. PLANALTO – TERM. PQ. D. PEDRO II,JD. PLANALTO – TERM. VL. PRUDENTE,CORTADA
4222-10,PQ. STA. MADALENA – MOOCA,PQ. STA. MADALENA – TERM. VL. PRUDENTE,CORTADA
"4,25E-08",JD. ESTER – TERM. SAPOPEMBA,JD. ESTER – TERM. SAPOPEMBA,MANTIDA
4284-10,VL. CALIFÓRNIA – VL. PRUDENTE,VL. CALIFÓRNIA – VL. PRUDENTE,MANTIDA
4286-10,VL. INDUSTRIAL – VL. PRUDENTE,VL. INDUSTRIAL – VL. PRUDENTE,MANTIDA
4288-10,PQ. STA. MADALENA – TERM. PQ. D. PEDRO II,PQ. STA. MADALENA – TERM. VL. PRUDENTE,CORTADA
4310-10,E.T. ITAQUERA – TERM. PQ. D. PEDRO II,METRÔ ITAQUERA – PÇA. DO CORREIO (via Av. Tiquatira),CORTADA
4310-21,ARTUR ALVIM – TERM. PQ. D. PEDRO II,ARTUR ALVIM – TERM. PQ. D. PEDRO II,MANTIDA
4311-10,TERM. SÃO MATEUS – TERM. PQ. D. PEDRO II,TERM. SÃO MATEUS – TERM. PQ. D. PEDRO II,MANTIDA
4312-10,JD. MARÍLIA – TERM. PQ. D. PEDRO II,JD. MARÍLIA – METRÔ BRESSER,CORTADA
4313-10,TERM. CID. TIRADENTES – TERM. PQ. D. PEDRO II,TERM. CID. TIRADENTES – TERM. PQ. D. PEDRO II,MANTIDA
4314-10,INÁCIO MONTEIRO – TERM. PQ. D. PEDRO II,INÁCIO MONTEIRO – TERM. PQ. D. PEDRO II,MANTIDA
4315-10,TERM. VL. CARRÃO – TERM. PQ. D. PEDRO II,TERM. VL. CARRÃO – TERM. PQ. D. PEDRO II,MANTIDA
4491-10,ZOOLÓGICO – TERM. PQ. D. PEDRO II,ZOOLÓGICO – TERM. PQ. D. PEDRO II,MANTIDA
4706-10,JD. MARIA ESTELA II – METRÔ VL. MARIANA,JD. MARIA ESTELA II – METRÔ VL. MARIANA,MANTIDA
4708-10,JD. CLÍMAX – METRÔ VL. MARIANA,JD. CLÍMAX – METRÔ VL. MARIANA,MANTIDA
4709-10,JD. SÃO SAVÉRIO – METRÔ VL. MARIANA,JD. SÃO SAVÉRIO – METRÔ VL. MARIANA,MANTIDA
4716-10,SACOMÃ – METRÔ STA. CRUZ,SACOMÃ – METRÔ STA. CRUZ,MANTIDA
4717-10,JD. MARIA ESTELA – METRÔ SAÚDE,JD. MARIA ESTELA – METRÔ SAÚDE,MANTIDA
4718-10,JD. CELESTE – METRÔ STA. CRUZ,JD. CELESTE – METRÔ STA. CRUZ,MANTIDA
4721-10,SHOP. PLAZA SUL – METRÔ JABAQUARA,SHOP. PLAZA SUL – METRÔ PÇA. DA ÁRVORE,CORTADA
4724-10,METRÔ PATRIARCA – VL. NHOCUNÉ,METRÔ PATRIARCA – VL. NHOCUNÉ,MANTIDA
4725-10,VL. BRASILINA – SHOP. IBIRAPUERA,VL. BRASILINA – METRÔ PÇA. DA ÁRVORE,CORTADA
4725-10,VL. BRASILINA – SHOP. IBIRAPUERA,METRÔ PÇA. DA ÁRVORE – SHOP IBIRAPUERA,CORTADA
4726-10,MOOCA – METRÔ TATUAPÉ,MOOCA – METRÔ TATUAPÉ,MANTIDA
4726-31,MOOCA – METRÔ TATUAPÉ,MOOCA – METRÔ TATUAPÉ,MANTIDA
4727-10,JD. CLÍMAX – METRÔ PÇA. DA ÁRVORE,JD. CLÍMAX – METRÔ PÇA. DA ÁRVORE,MANTIDA
4729-10,PQ. BANCÁRIO – METRÔ BELÉM,PQ. BANCÁRIO – METRÔ BELÉM,MANTIDA
4732-10,VL. LIVIERO – METRÔ SAÚDE,VL. LIVIERO – METRÔ SAÚDE,MANTIDA
4732-31,VL. LIVIERO – METRÔ SAÚDE,VL. LIVIERO – METRÔ SAÚDE,MANTIDA
4734-10,VL. MORAES – METRÔ SAÚDE,VL. MORAES – METRÔ SAÚDE,MANTIDA
4734-21,VL. MORAES – METRÔ SAÚDE,,EXTINTA
4735-10,JD. VERA CRUZ  – METRÔ CARRÃO,1,EXTINTA
4742-10,JD. CLÍMAX – METRÔ SÃO JUDAS,JD. CLÍMAX – METRÔ SÃO JUDAS,MANTIDA
475M-10,JD. DA SAÚDE – TERM. AMARAL GURGEL,METRÔ VL. MARIANA – TERM. AMARAL GURGEL,CORTADA
475R-10,JD. SÃO SAVÉRIO – TERM. PQ. D. PEDRO II,JD. SÃO SAVÉRIO – PQ. DO IBIRAPUERA,CORTADA
475R-21,JD. SÃO SAVÉRIO – METRÔ SAÚDE,1,EXTINTA
476A-10,IPIRANGA – TERM. STO. AMARO,1,EXTINTA
476G-10,JD. ELBA – IBIRAPUERA,TERM. SAPOPEMBA – TERM. VL. PRUDENTE,CORTADA
476G-41,VL. INDUSTRIAL – METRÔ ANA ROSA,1,EXTINTA
476L-10,METRÔ VL. MARIANA – LAR ESC. SÃO FRANCISCO,METRÔ VL. MARIANA – LAR ESC. SÃO FRANCISCO,MANTIDA
477A-10,SACOMÃ – TERM. PINHEIROS,METRÔ TAMANDUATEÍ – TERM. PINHEIROS,CORTADA
477P-10,IPIRANGA – RIO PEQUENO,1,EXTINTA
477U-10,HELIÓPOLIS – METRÔ VL. MARIANA,HELIÓPOLIS – METRÔ VL. MARIANA,MANTIDA
478P-10,SACOMÃ – POMPÉIA ATÉ VL. ROMANA,SACOMÃ – METRÔ VL. MARIANA,CORTADA
5010-10,JABAQUARA – STO. AMARO,JD. LOURDES – METRÔ JABAQUARA,CORTADA
5011-10,ELDORADO – STO. AMARO,ELDORADO – PÇA. DO ACURI,CORTADA
5012-10,VL. GUACURI – JABAQUARA,VL. GUACURI – JABAQUARA,MANTIDA
5013-10,JD. LUSO – STO. AMARO,JD. LUSO – STO. AMARO,MANTIDA
5013-31,JD. MIRIAM – STO. AMARO,TERM. STO. AMARO – JD. CAMPININHA,CORTADA
5015-10,JD. SÃO JORGE – METRÔ JABAQUARA,PÇA. DO ACURI – METRÔ JABAQUARA,CORTADA
5018-10,SHOP. INTERLAGOS – JABAQUARA,SHOP. INTERLAGOS – JABAQUARA,MANTIDA
5018-31,SHOP. INTERLAGOS – JABAQUARA,SHOP. INTERLAGOS – JABAQUARA,MANTIDA
5020-10,HOSP. HELIÓPOLIS – TERM. SACOMÃ,HOSP. HELIÓPOLIS – TERM. SACOMÃ,MANTIDA
5021-10,ÁGUA FUNDA – TERM. SACOMÃ,ÁGUA FUNDA – TERM. SACOMÃ,MANTIDA
5022-10,VL. STA. MARGARIDA – JABAQUARA,VL. STA. MARGARIDA – JABAQUARA,MANTIDA
5024-10,MISSIONÁRIA – STO. AMARO,MISSIONÁRIA – TERM. STO. AMARO,MANTIDA
5024-31,MISSIONÁRIA – STO. AMARO,MISSIONÁRIA – STO. AMARO,MANTIDA
5025-10,JD. GUAIRACÁ – METRÔ TAMANDUATEÍ,JD. GUAIRACÁ – METRÔ TAMANDUATEÍ,MANTIDA
5026-10,CONJ. TEOTÔNIO VILELA – JD. SÃO ROBERTO,CONJ. TEOTÔNIO VILELA – TERM. SAPOPEMBA,CORTADA
5026-10,CONJ. TEOTÔNIO VILELA – JD. SÃO ROBERTO,JD. SÃO ROBERTO – TERM. SAPOPEMBA,CORTADA
5028-10,CONJ. HAB. HELIÓPOLIS – MUSEU DO IPIRANGA,CONJ. HAB. HELIÓPOLIS – METRO ALTO IPIRANGA IPIRANGA,MANTIDA
5029-10,JD. PATENTE – TERM. SACOMÃ,JD. PATENTE – TERM. SACOMÃ,MANTIDA
502J-10,CPTM AUTÓDROMO – METRÔ STA. CRUZ,CPTM AUTÓDROMO – METRÔ STA. CRUZ,MANTIDA
502J-22,CPTM AUTÓDROMO – VL. JOANIZA,1,EXTINTA
5030-10,JD. MARIA ESTELA – TERM. SACOMÃ,JD. MARIA ESTELA – TERM. SACOMÃ,MANTIDA
5031-10,VL. ARAPUÁ – TERM. SACOMÃ,VL. ARAPUÁ – TERM. SACOMÃ,MANTIDA
5031-21,VL. CDE. DO PINHAL – TERM. SACOMÃ,VL. CDE. DO PINHAL – TERM. SACOMÃ,MANTIDA
5032-10,VL. ARAPUÁ – TERM. SACOMÃ,VL. ARAPUÁ – TERM. SACOMÃ,MANTIDA
5033-10,VL. BRASILINA – TERM. SACOMÃ,VL. BRASILINA – TERM. SACOMÃ,MANTIDA
5034-10,VL. LIVIERO – TERM. SACOMÃ,VL. LIVIERO – TERM. SACOMÃ,MANTIDA
5034-31,TERM. SACOMÃ – VL. LIVIERO,TERM. SACOMÃ – VL. LIVIERO,MANTIDA
5035-10,VL. ARAPUÁ – TERM. SACOMÃ,VL. ARAPUÁ – TERM. SACOMÃ,MANTIDA
5036-10,JD. CELESTE – TERM. SACOMÃ,JD. CELESTE – TERM. SACOMÃ,MANTIDA
5038-10,PQ. BRISTOL – TERM. SACOMÃ,PQ. BRISTOL – TERM. SACOMÃ,MANTIDA
507T-10,TERM. SAPOPEMBA – METRÔ CARRÃO,TERM. SAPOPEMBA – METRÔ CARRÃO,MANTIDA
508L-10,TERM. PRINC. ISABEL – ACLIMAÇÃO,TERM. PRINC. ISABEL – ACLIMAÇÃO,MANTIDA
5091-10,JD. UBIRAJARA – METRÔ SÃO JUDAS,JD. UBIRAJARA – METRÔ SÃO JUDAS,MANTIDA
509J-10,JD. SELMA – PQ. IBIRAPUERA,JD. SELMA – PQ. IBIRAPUERA,MANTIDA
509M-10,JD. MIRIAM – TERM. PRINC. ISABEL,JD. MIRIAM – TERM. PRINC. ISABEL,MANTIDA
5100-10,TERM. PINHEIROS – TERM. PQ. D. PEDRO II,1,EXTINTA
5103-10,TERM. SACOMÃ – MOEMA,1,EXTINTA
5103-21,TERM. SACOMÃ – METRÔ STA. CRUZ,1,EXTINTA
5105-10,TERM. SACOMÃ – TERM. MERCADO,TERM. SACOMÃ – TERM. MERCADO,MANTIDA
5106-10,JD. SELMA – LGO. SÃO FRANCISCO,JD. SELMA – LGO. SÃO FRANCISCO,MANTIDA
5106-21,JD. SELMA – SHOP. IBIRAPUERA,1,EXTINTA
5106-31,JD. SELMA – METRÔ ANA ROSA,METRÔ CONCEIÇÃO – METRÔ ANA ROSA,CORTADA
5107-10,TERM. SACOMÃ – PÇA. DO CORREIO,TERM. SACOMÃ – PÇA. DO CORREIO,MANTIDA
5108-10,JD. CELESTE – TERM. PQ. D. PEDRO II,JD. CELESTE – TERM. PQ. D. PEDRO II,MANTIDA
5109-10,TERM. VL. PRUDENTE – TERM. MERCADO,TERM. VL. PRUDENTE – TERM. MERCADO,MANTIDA
5110-10,TERM. SÃO MATEUS – TERM. MERCADO,TERM. SÃO MATEUS – TERM. MERCADO,MANTIDA
5110-21,SÃO MATEUS – TERM. MERCADO,SÃO MATEUS – TERM. MERCADO,MANTIDA
5110-22,FAZENDA DA JUTA – TERM. MERCADO,FAZENDA DA JUTA – TERM. MERCADO,MANTIDA
5110-23,JD. PLANALTO – TERM. MERCADO,JD. PLANALTO – TERM. MERCADO,MANTIDA
5110-24,SÃO MATEUS – METRÔ VL. PRUDENTE,1,EXTINTA
5110-41,SÃO MATEUS – METRÔ TAMANDUATEÍ,TERM. SAPOPEMBA- METRÔ TAMANDUATEÍ,CORTADA
5111-10,TERM. STO. AMARO – TERM. PQ. D. PEDRO II,TERM. STO. AMARO – TERM. PQ. D. PEDRO II,MANTIDA
5119-10,TERM. CAPELINHA – LGO. SÃO FRANCISCO,TERM. CAPELINHA – LGO. SÃO FRANCISCO,MANTIDA
5119-22,TERM. JOÃO DIAS – LGO. SÃO FRANCISCO,TERM. JOÃO DIAS – LGO. SÃO FRANCISCO,MANTIDA
5119-23,TERM. JOÃO DIAS – INSTITUTO LUCY MONTORO,TERM. JOÃO DIAS – INSTITUTO LUCY MONTORO,MANTIDA
5123-10,JD. MIRIAM – HOSP. SÃO PAULO,JD. MIRIAM – METRÔ JABAQUARA,CORTADA
5127-10,VL. GUACURI – CPTM JURUBATUBA,VL. GUACURI – CPTM JURUBATUBA,MANTIDA
5128-10,JD. APURÁ – METRÔ CONCEIÇÃO,JD. APURÁ – METRÔ JABAQUARA,CORTADA
5129-10,JD. MIRIAM – TERM. GUARAPIRANGA,JD. MIRIAM – TERM. GUARAPIRANGA,MANTIDA
5129-41,JD. MIRIAM – STO. AMARO,1,EXTINTA
5131-10,CID. ADEMAR – PQ. D. PEDRO II,CID. ADEMAR – PQ. D. PEDRO II,MANTIDA
513L-10,TERM. SACOMÃ – PQ. BELÉM,TERM. SACOMÃ – PQ. BELÉM,MANTIDA
5141-10,"TERM. SAPOPEMBA
– PÇA. DO CORREIO",1,EXTINTA
5142-10,TERM. SAPOPEMBA – TERM. PQ. D. PEDRO II,TERM. SAPOPEMBA – TERM. VL. PRUDENTE,CORTADA
5143-10,TERM. SAPOPEMBA – TERM. PQ. D. PEDRO II,TERM. SAPOPEMBA – TERM. PQ. D. PEDRO II,MANTIDA
5143-31,TERM. SAPOPEMBA – TERM. PQ. D. PEDRO II,1,EXTINTA
5144-10,TERM. SAPOPEMBA – TERM. PRINC. ISABEL,TERM. SAPOPEMBA – TERM. PRINC. ISABEL,MANTIDA
5145-10,TERM. SAPOPEMBA – PÇA. ALMEIDA JR.,1,EXTINTA
5145-41,CONJ. TEOTÔNIO VILELA – PÇA. ALMEIDA JR.,1,EXTINTA
514T-10,TERM. SACOMÃ – JD. ITÁPOLIS,1,EXTINTA
514T-21,JD. COLORADO – METRÔ VL. PRUDENTE,1,EXTINTA
5154-10,TERM. STO. AMARO – TERM. PRINC. ISABEL,TERM. STO. AMARO – TERM. PRINC. ISABEL,MANTIDA
5164-10,VL. STA. CATARINA – PQ. IBIRAPUERA,VL. STA. CATARINA – PQ. IBIRAPUERA,MANTIDA
5164-21,CID. LEONOR – PQ. IBIRAPUERA,CID. LEONOR – METRÔ CONCEIÇÃO,MANTIDA
5164-41,VL. GUARANI – METRÔ CONCEIÇÃO,VL. GUARANI – METRÔ CONCEIÇÃO,MANTIDA
516N-10,JD. MIRIAM – PÇA. D. GASTÃO,JD. MIRIAM – PÇA. D. GASTÃO,MANTIDA
5175-10,BALN. SÃO FRANCISCO – PÇA. DA SÉ,JD. APURÁ – PÇA. DA SÉ,CORTADA
5178-10,JD. MIRIAM – PÇA. JOÃO MENDES,1,EXTINTA
517J-10,JD. SELMA – E.T. ÁGUA ESPRAIADA,JD. SELMA – E.T. ÁGUA ESPRAIADA,MANTIDA
5185-10,TERM. GUARAPIRANGA – TERM. PQ. D. PEDRO II,TERM. GUARAPIRANGA – TERM. PQ. D. PEDRO II,MANTIDA
5194-10,JD. APURÁ – PQ. IBIRAPUERA,1,EXTINTA
519M-10,SÃO MATEUS – MUSEU DO IPIRANGA,SÃO MATEUS – METRÔ TAMANDUATEI,CORTADA
524L-10,PQ. SÃO LUCAS – METRÔ TATUAPÉ,PQ. SÃO LUCAS – METRÔ TATUAPÉ,MANTIDA
524M-10,MASCARENHAS DE MORAIS – SHOP. ARICANDUVA,MASCARENHAS DE MORAIS – SHOP. ARICANDUVA,MANTIDA
527R-10,"VL. IMPÉRIO – TERM. STO.
AMARO",VL. IMPÉRIO – SHOP. INTERLAGOS,CORTADA
5290-10,DIV. DIADEMA – PÇA. JOÃO MENDES,DIV. DIADEMA – TERM. PQ. D. PEDRO II,CORTADA
5300-10,TERM. STO. AMARO – TERM. PQ. D. PEDRO II,TERM. STO. AMARO – TERM. PQ. D. PEDRO II,MANTIDA
5317-10,SESC/ORION – PÇA. DO CORREIO,SESC/ORION – TERM. STO. AMARO,MANTIDA
5318-10,CHÁC. SANTANA – PÇA. DA SÉ,CHÁC. SANTANA – PÇA. DA SÉ,MANTIDA
5318-21,PIRAPORINHA – PÇA. DA SÉ,1,EXTINTA
5318-22,PÇA. DA SÉ – CHÁC. STO. ANTONIO,1,EXTINTA
5362-10,PQ. RES. COCAIA – PÇA. DA SÉ,PQ. RES. COCAIA – PÇA. DA SÉ,MANTIDA
5362-21,GRAJAÚ – PÇA. DA SÉ,GRAJAÚ (RES. FARIA LIMA) – TERM. GRAJAÚ,CORTADA
5362-22,JD. ELIANA – PÇA. DA SÉ,1,EXTINTA
5362-23,PQ. RES. COCAIA – VICENTE RAO,1,EXTINTA
5370-10,TERM. VARGINHA – LGO. SÃO FRANCISCO,TERM. VARGINHA – LGO. SÃO FRANCISCO,MANTIDA
5370-21,TERM. VARGINHA – PQ. IBIRAPUERA,TERM. VARGINHA – PQ. IBIRAPUERA,MANTIDA
5391-10,JD. ÂNGELA – LGO. SÃO FRANCISCO,JD. ÂNGELA – LGO. SÃO FRANCISCO,MANTIDA
5391-21,TERM. GUARAPIRANGA – LGO. SÃO FRANCISCO,1,EXTINTA
5391-22,MOEMA – JD. ÂNGELA,1,EXTINTA
546A-10,JD. APURÁ – STO. AMARO,1,EXTINTA
546A-31,JD. APURÁ – STO. AMARO,JD. APURÁ – STO. AMARO,MANTIDA
546J-10,JD. SELMA – STO. AMARO,1,EXTINTA
546J-31,JD. SELMA – STO. AMARO,JD. SELMA – TERM. STO. AMARO,CORTADA
546L-10,JD. LUSO – TERM. STO. AMARO,JD. LUSO – TERM. STO. AMARO,MANTIDA
546T-10,VL. GUACURI – TERM. STO. AMARO,PÇA. DO ACURI – TERM. STO. AMARO,CORTADA
546T-10,VL. GUACURI – TERM. STO. AMARO,VL. GUACURI – PÇA. DO ACURI,CORTADA
5611-10,ELDORADO – PÇA. JOÃO MENDES,PÇA. DO ACURI – PÇA. JOÃO MENDES,CORTADA
5611-10,ELDORADO – PÇA. JOÃO MENDES,ELDORADO – PÇA. DO ACURI,CORTADA
5614-10,ELDORADO – PÇA. JOÃO MENDES,ELDORADO – SHOP. INTERLAGOS,CORTADA
5630-10,TERM. GRAJAÚ – METRÔ BRÁS,TERM. GRAJAÚ – METRÔ BRÁS,MANTIDA
5630-21,CID. DUTRA – LGO. SÃO FRANCISCO,1,EXTINTA
5632-10,VL. SÃO JOSÉ – LGO. SÃO FRANCISCO,VL. SÃO JOSÉ – TERM. STO. AMARO,CORTADA
5632-21,JD. IPORANGA – LGO. SÃO FRANCISCO,1,EXTINTA
5632-51,JD. ALPINO – LGO. SÃO FRANCISCO,JD. ALPINO – TERM. STO. AMARO,CORTADA
5652-10,JD. IV CENTENÁRIO – PÇA. DA SÉ,CPTM AUTÓDROMO – SHOP. INTERLAGOS,CORTADA
5652-21,JD. IV CENTENÁRIO – PÇA. DA SÉ,1,EXTINTA
5701-10,METRÔ CONCEIÇÃO – SHOP. MORUMBI,METRÔ CONCEIÇÃO – SHOP. MORUMBI,MANTIDA
5701-21,VL. STA. CATARINA – SHOP. MORUMBI,1,EXTINTA
5702-10,REFÚGIO STA. TEREZINHA – METRÔ JABAQUARA,REFÚGIO STA. TEREZINHA – METRÔ JABAQUARA,MANTIDA
5705-10,TERM. SACOMÃ – METRÔ VERGUEIRO,TERM. SACOMÃ – METRÔ VL. MARIANA,CORTADA
573A-10,METRÔ BRESSER – VL. ALPINA,VL. ALPINA – TERM. VL. PRUDENTE,CORTADA
573H-10,HOSP. SAPOPEMBA – METRÔ BRESSER,HOSP. SAPOPEMBA – METRÔ BRESSER,MANTIDA
573T-10,TERM. SAPOPEMBA – METRÔ CARRÃO,TERM. SAPOPEMBA – METRÔ CARRÃO,MANTIDA
573T-31,TERM. SAPOPEMBA – METRÔ CARRÃO,LAR NACIONAL – JD. NOVE DE JULHO,CORTADA
574A-10,AMERICANÓPOLIS – LGO. CAMBUCI,AMERICANÓPOLIS – METRÔ JABAQUARA,CORTADA
574C-10,SÃO MATEUS – DIV. DE SÃO CAETANO,DIVISA DE SÃO CAETANO – SÃO MATEUS,MANTIDA
574J-10,METRÔ CONCEIÇÃO – TERM. VL. CARRÃO,METRÔ CONCEIÇÃO – TERM. SACOMÃ,CORTADA
574J-10,METRÔ CONCEIÇÃO – TERM. VL. CARRÃO,TERM. SACOMÃ – TERM. VL. CARRÃO,CORTADA
574R-10,TERM. SAPOPEMBA – METRÔ BELÉM,TERM. SAPOPEMBA – METRÔ BELÉM,MANTIDA
574W-10,JD. WALKIRIA – METRÔ BELÉM,JD. WALKIRIA – TERM. SAPOPEMBA,CORTADA
5752-10,VL. MISSIONÁRIA – METRÔ CONCEIÇÃO,VL. MISSIONÁRIA – METRÔ CONCEIÇÃO,MANTIDA
5757-10,CID. JÚLIA – METRÔ CONCEIÇÃO,CID. JÚLIA – METRÔ CONCEIÇÃO,MANTIDA
5757-51,PEDREIRA – METRÔ CONCEIÇÃO,PEDREIRA – METRÔ CONCEIÇÃO,MANTIDA
5759-10,PQ. PRIMAVERA – METRÔ CONCEIÇÃO,PQ. PRIMAVERA – METRÔ CONCEIÇÃO,MANTIDA
5759-31,PQ. PRIMAVERA – METRÔ CONCEIÇÃO,PQ. PRIMAVERA – METRÔ CONCEIÇÃO,MANTIDA
575A-10,DIV. SÃO CAETANO – SHOP. METRÔ TATUAPÉ,DIV. SÃO CAETANO – SHOP. METRÔ TATUAPÉ,MANTIDA
575C-10,IPIRANGA – VL. MATIAS,VL. MATIAS – METRÔ TAMANDUATEI,CORTADA
576C-10,METRÔ JABAQUARA – TERM. STO. AMARO,METRÔ JABAQUARA – TERM. STO. AMARO,MANTIDA
576J-10,METRÔ JABAQUARA – STO. AMARO,,EXTINTA
576M-10,VL. CLARA – PINHEIROS,METRÔ JABAQUARA – PINHEIROS,CORTADA
577T-10,JD. MIRIAM – METRÔ ANA ROSA,JD. MIRIAM – METRÔ ANA ROSA,MANTIDA
5791-10,ELDORADO – METRÔ VERGUEIRO,ELDORADO – METRÔ JABAQUARA,CORTADA
6000 – 10,TERM. PARELHEIROS – TERM. STO. AMARO,TERM. PARELHEIROS – TERM. STO. AMARO,MANTIDA
6001-10,TERM. CAPELINHA – TERM. STO. AMARO,TERM. CAPELINHA – TERM. STO. AMARO,MANTIDA
6002-10,CID. DUTRA – HOSP. PEDREIRA,CID. DUTRA – HOSP. PEDREIRA,MANTIDA
6003-10,TERM. GRAJAÚ – TERM. VARGINHA,TERM. GRAJAÚ – TERM. VARGINHA,MANTIDA
6006-10,JD. HERCULANO – SHOP. INTERLAGOS,JD. HERCULANO – SHOP. INTERLAGOS,MANTIDA
6007-10,TERM. CAPELINHA – TERM. STO. AMARO,TERM. CAPELINHA – TERM. STO. AMARO,MANTIDA
6008-10,JD. PLANALTO – TERM. STO. AMARO,JD. PLANALTO – TERM. STO. AMARO,MANTIDA
6008-21,PQ. EUROPA – TERM. STO. AMARO,1,EXTINTA
6010-10,CHÁC. STA. MARIA – TERM. GUARAPIRANGA,CHÁC. STA. MARIA – TERM. GUARAPIRANGA,MANTIDA
6012-10,PQ. INDEPENDÊNCIA – STO. AMARO,PQ. INDEPENDÊNCIA – JD. ÂNGELA,MANTIDA
6012-31,PQ. INDEPENDÊNCIA – JD. ÂNGELA,PQ. INDEPENDÊNCIA – JD. ÂNGELA,MANTIDA
6013-10,JD. NAKAMURA – TERM. STO. AMARO,1,EXTINTA
6013-21,ETEC – JD. ÂNGELA,ETEC – JD. ÂNGELA,MANTIDA
6014-10,TERM. JD. JACIRA – TERM. STO. AMARO,1,EXTINTA
6015-10,VL. CALÚ – STO. AMARO,VL. CALÚ – JD. ÂNGELA,CORTADA
6016-10,JD. NORONHA – TERM. GRAJAÚ,JD. NORONHA – TERM. GRAJAÚ,MANTIDA
6016-41,JD. PORTO VELHO – TERM. GRAJAÚ,JD. PORTO VELHO – TERM. GRAJAÚ,MANTIDA
6017-10,JD. NAKAMURA – STO. AMARO,JD. NAKAMURA – JD. ÂNGELA,CORTADA
6019-10,TERM. GUARAPIRANGA – JD. ALFREDO,TERM. GUARAPIRANGA – JD. ALFREDO,MANTIDA
6020-10,CHÁC. BOSQUE DO SOL – PARELHEIROS,CHÁC. BOSQUE DO SOL – PARELHEIROS,MANTIDA
6020-51,ESTR. DO JUSA – PARELHEIROS,ESTR. DO JUSA – PARELHEIROS,MANTIDA
6021-10,TERM. VARGINHA – JD. NOVA ERA,1,EXTINTA
6022-10,PQ. CEREJEIRA – STO. AMARO,PQ. CEREJEIRA – JD. ÂNGELA,CORTADA
6026-10,JD. ICARAÍ – TERM. STO. AMARO,JD. ICARAÍ – TERM. STO. AMARO,MANTIDA
6026-31,JD. ICARAÍ – TERM. STO. AMARO,JD. ICARAÍ – TERM. STO. AMARO,MANTIDA
6027-10,JD. GRAUNA – TERM. STO. AMARO,JD. GRAUNA – TERM. STO. AMARO,MANTIDA
6028-10,RIVIERA – TERM. STO. AMARO,RIVIERA – TERM. STO. AMARO,MANTIDA
6030-10,UNISA-CAMPUS 1 – TERM. STO. AMARO,UNISA-CAMPUS 1 – TERM. STO. AMARO,MANTIDA
6031-10,JD. SÃO BERNARDO – TERM. GRAJAÚ,JD. SÃO BERNARDO – TERM. GRAJAÚ,MANTIDA
6034-10,PQ. RES. COCAIA – TERM. GRAJAÚ,PQ. RES. COCAIA – TERM. GRAJAÚ,MANTIDA
6035-10,VL. GILDA – STO. AMARO,,EXTINTA
6035-21,VL. GILDA – TERM. GUARAPIRANGA,VL. GILDA – EST. STO. AMARO/GUIDO CALOI,CORTADA
6036-10,JD. MACEDÔNIA – STO. AMARO,1,EXTINTA
6037-10,JD. MITSUTANI – STO. AMARO,1,EXTINTA
6038-10,JD. DAS ROSAS – STO. AMARO,1,EXTINTA
6039-10,VALO VELHO – STO. AMARO,1,EXTINTA
6039-21,TERM. CAPELINHA – COHAB JD. SÃO BENTO,TERM. CAPELINHA – COHAB JD. SÃO BENTO,MANTIDA
6041-10,JD. JANGADEIRO – STO. AMARO,JD. JANGADEIRO – TERM. CAPELINHA,CORTADA
6041-21,TERM. JOÃO DIAS – JD. MONTE AZUL,TERM. JOÃO DIAS – JD. MONTE AZUL,MANTIDA
6042-10,JD. TRÊS ESTRELAS – STO. AMARO,1,EXTINTA
6042-21,TERM. CAPELINHA – CEU CAPÃO REDONDO,TERM. CAPELINHA – CEU CAPÃO REDONDO,MANTIDA
6043-10,JD. CAPELINHA – TERM. STO. AMARO,JD. CAPELINHA – TERM. STO. AMARO,MANTIDA
6044-10,JD. D. JOSÉ – TERM. STO. AMARO,JD. D. JOSÉ – TERM. CAPELINHA,CORTADA
6045-10,VALO VELHO – STO. AMARO,VALO VELHO – TERM. CAPELINHA,CORTADA
6045-21,VALO VELHO – TERM. CAPELINHA,VALO VELHO – TERM. CAPELINHA,MANTIDA
6046-10,JD. SÃO BENTO NOVO – STO. AMARO,1,EXTINTA
6047-10,JD. LÍDIA – STO. AMARO,1,EXTINTA
6048-10,CAPÃO REDONDO – STO. AMARO,CAPÃO REDONDO – TERM. CAPELINHA,CORTADA
6049-10,VALO VELHO – STO. AMARO,VALO VELHO – TERM. CAPELINHA,CORTADA
6050-10,PQ. COCAIA – TERM. GRAJAÚ,PQ. COCAIA – TERM. GRAJAÚ,MANTIDA
6051-10,JD. ITAJAÍ – TERM. VARGINHA,JD. ITAJAÍ – TERM. VARGINHA,MANTIDA
6051-31,JD. ITAJAÍ – TERM. VARGINHA,JD. ITAJAÍ – TERM. VARGINHA,MANTIDA
6052-10,JD. SETE DE SETEMBRO – TERM. VARGINHA,JD. SETE DE SETEMBRO – TERM. VARGINHA,MANTIDA
6052-31,JD. ALMEIDA PRADO – TERM. VARGINHA,JD. ALMEIDA PRADO – TERM. VARGINHA,MANTIDA
6053-10,JD. ELLUS – TERM. GRAJAÚ,JD. ELLUS – TERM. GRAJAÚ,MANTIDA
6055-10,JD. SÃO BERNARDO – SHOP. INTERLAGOS,1,EXTINTA
6056-10,PQ. STA. CECÍLIA – TERM. GRAJAÚ,PQ. STA. CECÍLIA – TERM. GRAJAÚ,MANTIDA
6056-41,VL. NATAL – TERM. GRAJAÚ,VL. NATAL – TERM. GRAJAÚ,MANTIDA
6057-10,VL. NATAL – TERM. GRAJAÚ,VL. NATAL – TERM. GRAJAÚ,MANTIDA
6058-10,JD. NORONHA – TERM. VARGINHA,JD. NORONHA – TERM. VARGINHA,MANTIDA
6059-10,JD. UNIVERSAL – STO. AMARO,JD. UNIVERSAL – STO. AMARO,MANTIDA
6061-10,JD. MARILDA – TERM. GRAJAÚ,JD. MARILDA – TERM. GRAJAÚ,MANTIDA
6062-10,JD. CASTRO ALVES – TERM. GRAJAÚ,JD. CASTRO ALVES – TERM. GRAJAÚ,MANTIDA
6062-51,JD. CASTRO ALVES – TERM. STO. AMARO,JD. CASTRO ALVES – TERM. STO. AMARO,MANTIDA
6063-10,JD. VARGINHA – TERM. VARGINHA,JD. VARGINHA – TERM. VARGINHA,MANTIDA
6063-41,JD. NOVO MARILDA – TERM. VARGINHA,JD. NOVO MARILDA – TERM. VARGINHA,MANTIDA
6063-42,CHÁC. STO. AMARO – TERM. VARGINHA,CHÁC. STO. AMARO – TERM. VARGINHA,MANTIDA
6063-43,VL. DA PAZ – TERM. VARGINHA,VL. DA PAZ – TERM. VARGINHA,MANTIDA
6069-10,JD. SÃO BERNARDO – TERM. STO. AMARO,1,EXTINTA
6071-10,JD. ORION – TERM. STO. AMARO,JD. ORION – TERM. STO. AMARO,MANTIDA
6071-22,JD. PRIMAVERA – TERM. STO. AMARO,1,EXTINTA
6072-10,JD. SÃO NICOLAU – TERM. VARGINHA,JD. SÃO NICOLAU – TERM. VARGINHA,MANTIDA
6072-21,JD. IPORÃ – TERM. VARGINHA,1,EXTINTA
6072-22,JD. MANACÁ DA SERRA – TERM. VARGINHA,1,EXTINTA
6072-23,TERM. VARGINHA – BALN. SÃO JOSÉ,TERM. VARGINHA – BALN. SÃO JOSÉ,MANTIDA
6073-10,JD. STA. TEREZINHA – TERM. VARGINHA,JD. STA. TEREZINHA – TERM. VARGINHA,MANTIDA
6073-21,JD. SILVEIRA – TERM. VARGINHA,JD. SILVEIRA – TERM. VARGINHA,MANTIDA
6074-10,JD. GAIVOTAS – CPTM JURUBATUBA,JD. GAIVOTAS – CPTM JURUBATUBA,MANTIDA
6075-10,JD. REC. CAMPO BELO – TERM. VARGINHA,JD. REC. CAMPO BELO – TERM. VARGINHA,MANTIDA
6075-41,JD. ALMEIDA – TERM. VARGINHA,VILA MARCELO – TERM. VARGINHA,CORTADA
6075-41,JD. ALMEIDA – TERM. VARGINHA,JD. ALMEIDA – TERM. VARGINHA,MANTIDA
6076-10,JD. PROGRESSO – TERM. STO. AMARO,JD. PROGRESSO – TERM. STO. AMARO,MANTIDA
6076-41,JD. SATÉLITE II – TERM. STO. AMARO,JD. SATÉLITE II – TERM. STO. AMARO,MANTIDA
6078-10,CANTINHO DO CÉU – SHOP. INTERLAGOS,1,EXTINTA
607A-10,JD. APURÁ – SOCORRO,JD. APURÁ – SOCORRO,MANTIDA
607A-21,JD. APURÁ – CPTM JURUBATUBA,JD. APURÁ – CPTM JURUBATUBA,MANTIDA
607C-10,JD. MIRIAM – ITAIM BIBI,JD. MIRIAM – PQ. DO POVO,CORTADA
607G-10,METRÔ CONCEIÇÃO – E.T. ÁGUA ESPRAIADA,METRÔ CONCEIÇÃO – E.T. ÁGUA ESPRAIADA,MANTIDA
607M-10,TERM. GRAJAÚ – E.T. ÁGUA ESPRAIADA,1,EXTINTA
6080-10,JD. LUCÉLIA – SHOP. INTERLAGOS,1,EXTINTA
6083-10,JD. ELIANA – TERM. GRAJAÚ,JD. ELIANA – TERM. GRAJAÚ,MANTIDA
6084-10,JD. CHÁC. DO SOL – TERM. VARGINHA,JD. CHÁC. DO SOL – TERM. VARGINHA,MANTIDA
6084-21,JD. MORAES PRADO – TERM. VARGINHA,1,EXTINTA
6091-10,VARGEM GRANDE – TERM. STO. AMARO,VARGEM GRANDE – TERM. STO. AMARO,MANTIDA
6091-21,JD. SILVEIRA – TERM. STO. AMARO,1,EXTINTA
6091-51,COLÔNIA – TERM. STO. AMARO,COLÔNIA – TERM. STO. AMARO,MANTIDA
6092-10,JD. DAS PEDRAS – TERM. GRAJAÚ,JD. DAS PEDRAS – TERM. GRAJAÚ,MANTIDA
6093-10,VARGEM GRANDE – TERM. GRAJAÚ,VARGEM GRANDE – TERM. PARELHEIROS,CORTADA
6099-10,DIVISA DE EMBU-GUAÇU – TERM. GRAJAÚ,DIVISA DE EMBU-GUAÇU – TERM. VARGINHA,CORTADA
609F-10,CHÁC. SANTANA – TERM. PRINC. ISABEL,CHÁC. SANTANA – TERM. JOÃO DIAS,CORTADA
609F-10,CHÁC. SANTANA – TERM. PRINC. ISABEL,CHÁC. SANTANA – TERM. PRINC. ISABEL,MANTIDA
609F-21,CHÁC. SANTANA – ANHANGABAÚ,1,EXTINTA
609J-10,AEROPORTO – METRÔ SÃO JUDAS,AEROPORTO – METRÔ SÃO JUDAS,MANTIDA
6110-10,CONJ. HAB. PALMARES – AEROPORTO,CONJ. HAB. PALMARES – CPTM AUTODROMO,CORTADA
6115-10,CANTINHO DO CÉU – TERM. GRAJAÚ,CANTINHO DO CÉU – TERM. GRAJAÚ,MANTIDA
6115-41,PQ. RES. DOS LAGOS – TERM. GRAJAÚ,PQ. RES. DOS LAGOS – TERM. GRAJAÚ,MANTIDA
6116-10,JD. PRAINHA – TERM. GRAJAÚ,JD. PRAINHA – TERM. GRAJAÚ,MANTIDA
6118-10,JD. ICARAÍ – TERM. STO. AMARO,JD. ICARAÍ – TERM. STO. AMARO,MANTIDA
6120-10,JD. LUCÉLIA – TERM. GRAJAÚ,JD. LUCÉLIA – TERM. GRAJAÚ,MANTIDA
6200-10,TERM. STO. AMARO – TERM. BANDEIRA,TERM. STO. AMARO – TERM. BANDEIRA,MANTIDA
6232-10,PINHEIROS/VILA IDA  – METRÔ BARRA FUNDA,VL. IDA – PINHEIROS,CORTADA
6250-10,JD. JAQUELINE – TERM. BANDEIRA,JD. JAQUELINE – TERM. PINHEIROS,CORTADA
6258-10,JD. SÃO FRANCISCO – TERM. STO. AMARO,JD. SÃO FRANCISCO – TERM. STO. AMARO,MANTIDA
6258-31,JD. STA. MARGARIDA – JD. IBIRAPUERA,JD. STA. MARGARIDA – TERM. GUARAPIRANGA,CORTADA
6262-10,CEASA – TERM. BANDEIRA,TERM. PINHEIROS – TERM. BANDEIRA,CORTADA
6262-21,VL. LEOPOLDINA – CPTM LEOPOLDINA,1,EXTINTA
627J-10,JD. MIRIAM – METRÔ SÃO JUDAS,JD. MIRIAM – METRÔ SÃO JUDAS,MANTIDA
6291-10,INOCOOP CAMPO LIMPO – TERM. BANDEIRA,INOCOOP CAMPO LIMPO – PQ. DO POVO,CORTADA
6338-10,JD. MIRIAM – TERM. PRINC. ISABEL,1,EXTINTA
6358-10,JD. LUSO – TERM. BANDEIRA,JD. LUSO – TERM. BANDEIRA,MANTIDA
6366-10,JD. MIRIAM – TERM. BANDEIRA,JD. MIRIAM – TERM. BANDEIRA,MANTIDA
637A-10,TERM. JD. ÂNGELA – TERM. PINHEIROS,TERM. JD. ÂNGELA – TERM. PINHEIROS,MANTIDA
637A-21,VL. REMO – TERM. PINHEIROS,VL. REMO – TERM. PINHEIROS,MANTIDA
637A-22,ITAIM BIBI – TERM. JD. ÂNGELA,ITAIM BIBI – TERM. JD. ÂNGELA,MANTIDA
637A-25,PIRAPORINHA – TERM. PINHEIROS,PIRAPORINHA – TERM. PINHEIROS,MANTIDA
637A-26,TERM. GUARAPIRANGA – TERM. PINHEIROS,1,EXTINTA
637G-10,GRAJAÚ – PINHEIROS,GRAJAÚ – ITAIM BIBI,CORTADA
637G-51,JD. ELIANA – PINHEIROS,JD. ELIANA – ITAIM BIBI,CORTADA
637J-10,VL. SÃO JOSÉ – PINHEIROS,1,EXTINTA
637P-10,TERM. STO. AMARO – TERM. PINHEIROS,TERM. STO. AMARO – TERM. PINHEIROS,MANTIDA
637R-10,JD. ARACATI – TERM. STO. AMARO,JD. ARACATI – TERM. JD. ÂNGELA,CORTADA
637V-10,PQ. AMÉRICA – TERM. STO. AMARO,PQ. AMÉRICA – TERM. STO. AMARO,MANTIDA
6400-10,TERM. JOÃO DIAS – TERM. BANDEIRA,TERM. JOÃO DIAS – TERM. BANDEIRA,MANTIDA
6403-10,TERM. JOÃO DIAS – TERM. PQ. D. PEDRO II,TERM. JOÃO DIAS – TERM. PQ. D. PEDRO II,MANTIDA
6412-10,PARAISÓPOLIS – PAULISTA,PARAISÓPOLIS – SHOP. IBIRAPUERA,CORTADA
6412-21,PARAISÓPOLIS – ITAIM BIBI,1,EXTINTA
6414-10,SOCORRO – TERM. BANDEIRA,SOCORRO – TERM. BANDEIRA,MANTIDA
6418-10,REAL PQ. – BROOKLIN NOVO,REAL PARQUE – BROOKLIN,CORTADA
6422-10,VL. CRUZEIRO – TERM. BANDEIRA,1,EXTINTA
6450-10,TERM. CAPELINHA – TERM. BANDEIRA,TERM. CAPELINHA – TERM. BANDEIRA,MANTIDA
6450-51,VALO VELHO – TERM. BANDEIRA,1,EXTINTA
6451-10,TERM. CAPELINHA – TERM. BANDEIRA,TERM. CAPELINHA – TERM. BANDEIRA,MANTIDA
6455-10,TERM. CAPELINHA – LGO. SÃO FRANCISCO,1,EXTINTA
6475-10,JD. VAZ DE LIMA – TERM. BANDEIRA,JD. VAZ DE LIMA – TERM. CAPELINHA,CORTADA
647A-10,VALO VELHO – PINHEIROS,VALO VELHO – TERM. CAPELINHA,CORTADA
647C-10,TERM. JOÃO DIAS – HOSP. DAS CLÍNICAS,1,EXTINTA
647P-10,COHAB ADVENTISTA – TERM. PINHEIROS,1,EXTINTA
648P-10,TERM. CAPELINHA – TERM. PINHEIROS,TERM. CAPELINHA – TERM. PINHEIROS,MANTIDA
6500-10,TERM. STO. AMARO – TERM. BANDEIRA,TERM. STO. AMARO – TERM. BANDEIRA,MANTIDA
6505-10,TERM. GUARAPIRANGA – TERM. BANDEIRA,TERM. GUARAPIRANGA – TERM. BANDEIRA,MANTIDA
669A-10,TERM. STO. AMARO – TERM. PRINC. ISABEL,TERM. STO. AMARO – TERM. PRINC. ISABEL,MANTIDA
6726-10,JD. GAIVOTAS – TERM. GRAJAÚ,JD. GAIVOTAS – TERM. GRAJAÚ,MANTIDA
675A-10,PQ. STO. ANTONIO – METRÔ SÃO JUDAS,PQ. STO. ANTONIO – TERM. JOÃO DIAS,CORTADA
675G-10,PQ. RES. COCAIA – METRÔ JABAQUARA,PQ. RES. COCAIA – METRÔ JABAQUARA,MANTIDA
675G-41,JD. CASTRO ALVES – METRÔ JABAQUARA,1,EXTINTA
675I-10,TERM. JOÃO DIAS – METRÔ SÃO JUDAS,TERM. JOÃO DIAS – METRÔ SÃO JUDAS,MANTIDA
675K-10,TERM. JD. ÂNGELA – METRÔ STA. CRUZ,TERM. JD. ÂNGELA – METRÔ STA. CRUZ,MANTIDA
675K-23,VL. REMO – MOEMA,VL. REMO – MOEMA,MANTIDA
675L-10,TERM. STO. AMARO – METRÔ STA. CRUZ,TERM. STO. AMARO – TERM. SACOMÃ,CORTADA
675M-10,CENTRO SESC – METRÔ JABAQUARA,1,EXTINTA
675N-10,TERM. STO. AMARO – METRÔ ANA ROSA,1,EXTINTA
675P-10,SHOP. SP MARKET – METRÔ CONCEIÇÃO,CPTM JURUBATUBA – TERM. STO. AMARO,CORTADA
675R-10,GRAJAÚ – METRÔ JABAQUARA,1,EXTINTA
675X-10,TERM. GRAJAÚ – METRÔ VL. MARIANA,TERM. GRAJAÚ – CAMPO BELO,CORTADA
677A-10,TERM. JD. ÂNGELA – ITAIM BIBI,TERM. JD. ÂNGELA – PQ. DO POVO,CORTADA
677V-10,JD. ALPINO – CPTM GRAJAÚ,JD. ALPINO – CPTM GRAJAÚ,MANTIDA
677Y-10,JD. GUARUJÁ – MORUMBI SHOP.,1,EXTINTA
6801-10,JD. IBIRAPUERA – TERM. JOÃO DIAS,1,EXTINTA
6801-51,JD. IBIRAPUERA – TERM. JOÃO DIAS,TERM. JOÃO DIAS – TERM. GUARAPIRANGA,CORTADA
6803-10,JD. CAPELINHA – TERM. JOÃO DIAS,JD. CAPELINHA – TERM. JOÃO DIAS,MANTIDA
6804-10,JD. INGÁ – TERM. JOÃO DIAS,JD. INGÁ – TERM. JOÃO DIAS,MANTIDA
6805-10,TERM. CAPELINHA – TERM. JOÃO DIAS,TERM. CAPELINHA – TERM. JOÃO DIAS,MANTIDA
6805-31,TERM. CAPELINHA – TERM. JOÃO DIAS,TERM. CAPELINHA – TERM. JOÃO DIAS,MANTIDA
6806-10,JD. NOVO ORIENTE – TERM. JOÃO DIAS,JD. NOVO ORIENTE – TERM. JOÃO DIAS,MANTIDA
6812-10,JD. CAPELA – STO. AMARO,JD. CAPELA – JD. ÂNGELA,CORTADA
6813-10,JD. LÍDIA – TERM. CAPELINHA,JD. LÍDIA – TERM. CAPELINHA,MANTIDA
6815-10,JD. COMERCIAL – TERM. CAPELINHA,JD. COMERCIAL – TERM. CAPELINHA,MANTIDA
6816-10,JD. MITSUTANI – TERM. CAPELINHA,JD. MITSUTANI – TERM. CAPELINHA,MANTIDA
6816-31,JD. MITSUTANI – TERM. CAPELINHA,JD. MITSUTANI – TERM. CAPELINHA,MANTIDA
6817-10,JD. SÃO BENTO – TERM. CAPELINHA,JD. SÃO BENTO – TERM. CAPELINHA,MANTIDA
6818-10,JD. VALE DAS VIRTUDES – TERM. CAPELINHA,JD. VALE DAS VIRTUDES – TERM. CAPELINHA,MANTIDA
6820-10,JD. DAS ROSAS – TERM. CAPELINHA,JD. DAS ROSAS – TERM. CAPELINHA,MANTIDA
6820-31,JD. DAS ROSAS – TERM. CAPELINHA,JD. DAS ROSAS – TERM. CAPELINHA,MANTIDA
6821-10,JD. JANGADEIRO – TERM. CAPELINHA,JD. JANGADEIRO – TERM. CAPELINHA,MANTIDA
6822-10,JD. MACEDÔNIA – TERM. CAPELINHA,JD. MACEDÔNIA – TERM. CAPELINHA,MANTIDA
6823-10,JD. GUARUJÁ – TERM. CAPELINHA,JD. GUARUJÁ – TERM. CAPELINHA,MANTIDA
6824-10,PQ. FERNANDA – TERM. CAPELINHA,PQ. FERNANDA – TERM. CAPELINHA,MANTIDA
6825-10,VALO VELHO – TERM. CAPELINHA,1,EXTINTA
6826-10,JD. D. JOSÉ – TERM. CAPELINHA,JD. D. JOSÉ – TERM. CAPELINHA,MANTIDA
6835-10,VALO VELHO – TERM. CAPELINHA,1,EXTINTA
6835-31,VALO VELHO – TERM. CAPELINHA,VALO VELHO – TERM. CAPELINHA,MANTIDA
6836-10,CAPÃO REDONDO – TERM. JOÃO DIAS,CAPÃO REDONDO – TERM. JOÃO DIAS,MANTIDA
6837-10,SHOP. PORTAL – TERM. CAPELINHA,SHOP. PORTAL – TERM. CAPELINHA,MANTIDA
6840-10,TERM. JD. JACIRA – TERM. CAPELINHA,TERM. JD. JACIRA – TERM. CAPELINHA,MANTIDA
6913-10,TERM. VARGINHA – TERM. BANDEIRA,TERM. VARGINHA – TERM. BANDEIRA,MANTIDA
6913-21,TERM. VARGINHA – ITAIM BIBI,1,EXTINTA
695D-10,JD. STA. BARBARA – METRÔ JABAQUARA,JD. STA. BARBARA – HOSP. PEDREIRA,CORTADA
695H-10,JD. HERPLIN – TERM. STO. AMARO,JD. HERPLIN – TERM. GRAJAÚ,CORTADA
695T-10,TERM. CAPELINHA – METRÔ VL. MARIANA,TERM. CAPELINHA – METRÔ VL. MARIANA,MANTIDA
695V-10,TERM. CAPELINHA – METRÔ ANA ROSA,1,EXTINTA
695X-10,TERM. VARGINHA – METRÔ JABAQUARA,TERM. VARGINHA – METRÔ JABAQUARA,MANTIDA
695Y-10,TERM. PARELHEIROS – METRÔ VL. MARIANA,TERM. PARELHEIROS – TERM. STO. AMARO,CORTADA
695Y-21,TERM. PARELHEIROS – CPTM AUTÓDROMO,1,EXTINTA
6960-10,TERM. VARGINHA – TERM. STO. AMARO,TERM. VARGINHA – TERM. STO. AMARO,MANTIDA
6970-10,TERM. GRAJAÚ – TERM. STO. AMARO,TERM. GRAJAÚ – TERM. STO. AMARO,MANTIDA
6L01-10,MARSILAC – TERM. VARGINHA,MARSILAC – TERM. VARGINHA,MANTIDA
6L01-22,VL. PROGRESSO – TERM. VARGINHA,VL. PROGRESSO – TERM. VARGINHA,MANTIDA
6L01-23,EMBURA – TERM. VARGINHA,EMBURA – TERM. VARGINHA,MANTIDA
6L02-10,JD. EUCALIPTOS – TERM. PARELHEIROS,JD. EUCALIPTOS – TERM. PARELHEIROS,MANTIDA
6L03-10,CIPÓ DO MEIO – TERM. PARELHEIROS,1,EXTINTA
6L03-10,CIPÓ DO MEIO – TERM. PARELHEIROS,CIPÓ DO MEIO – TERM. PARELHEIROS,MANTIDA
6L04-10,JD. ORIENTAL/FONTES – TERM. PARELHEIROS,JD. ORIENTAL/FONTES – TERM. PARELHEIROS,CORTADA
6L04-41,JD. DAS FONTES – TERM. PARELHEIROS,JD. DAS FONTES – TERM. PARELHEIROS,MANTIDA
6L04-42,JD. ORIENTAL – TERM. PARELHEIROS,JD. ORIENTAL – TERM. PARELHEIROS,MANTIDA
6L05-10,BARRAGEM – TERM. PARELHEIROS,BARRAGEM – TERM. PARELHEIROS,MANTIDA
6L05-21,CID. NOVA AMÉRICA – TERM. PARELHEIROS,CID. NOVA AMÉRICA – TERM. PARELHEIROS,MANTIDA
6L07-10,JD. STA. FÉ – TERM. VARGINHA,JD. STA. FÉ – TERM. VARGINHA,MANTIDA
6L08-10,JD. SÃO NICOLAU – TERM. PARELHEIROS,JD. SÃO NICOLAU – TERM. PARELHEIROS,MANTIDA
6L10-10,PQ. FLORESTAL – TERM. VARGINHA,PQ. FLORESTAL – TERM. VARGINHA,MANTIDA
6L10-41,MESSIÂNICA – TERM. VARGINHA,MESSIÂNICA – TERM. VARGINHA,MANTIDA
6L11-10,ILHA DO BORORÉ – TERM. GRAJAÚ,ILHA DO BORORÉ – TERM. GRAJAÚ,MANTIDA
7001-10,VL. GILDA – JD. ÂNGELA,VL. GILDA – JD. ÂNGELA,MANTIDA
7002-10,JD. ROSA MARIA – HOSP. DAS CLÍNICAS,JD. ROSA MARIA – CLÍNICAS,MANTIDA
7004-10,TERM. JD. JACIRA – EST. STO. AMARO/GUIDO CALOI,TERM. JD. JACIRA – EST. STO. AMARO/GUIDO CALOI,MANTIDA
7005-10,JD. VERA CRUZ – JD. ÂNGELA,JD. VERA CRUZ – JD. ÂNGELA,MANTIDA
7005-51,JD. VERA CRUZ – METRÔ CAPÃO REDONDO,JD. VERA CRUZ – METRÔ CAPÃO REDONDO,MANTIDA
7006-10,JD. HORIZONTE AZUL – JD. ÂNGELA,JD. HORIZONTE AZUL – JD. ÂNGELA,MANTIDA
7006-51,JD. HORIZONTE AZUL – METRÔ CAPÃO REDONDO,JD. HORIZONTE AZUL – METRÔ CAPÃO REDONDO,MANTIDA
7009-10,JD. SÃO LOURENÇO – JD. ÂNGELA,JD. SÃO LOURENÇO – JD. ÂNGELA,MANTIDA
7011-10,JD. DOS REIS – JD. ÂNGELA,JD. DOS REIS – JD. ÂNGELA,MANTIDA
7011-31,JD. DOS REIS – JD. ÂNGELA,JD. DOS REIS – JD. ÂNGELA,MANTIDA
7012-10,PQ. DO LAGO – TERM. GUARAPIRANGA,PQ. DO LAGO – JD. ÂNGELA,CORTADA
7013-10,PQ. ARARIBA – PINHEIROS,PQ. ARARIBA – BUTANTÃ,CORTADA
7014-10,E T. ÁGUA ESPRAIADA – TERM. STO. AMARO,E T. ÁGUA ESPRAIADA – TERM. STO. AMARO,MANTIDA
7016-10,JD. ÂNGELA – TERM. STO. AMARO,JD. ÂNGELA – TERM. STO. AMARO,MANTIDA
7016-21,VL. STA. LÚCIA – TERM. STO. AMARO,VL. STA. LÚCIA – TERM. STO. AMARO,MANTIDA
7017-10,JD. GUARUJÁ – TERM. GUARAPIRANGA,1,EXTINTA
701A-10,PQ. EDÚ CHAVES – METRÔ VL. MADALENA,PQ. EDÚ CHAVES – METRÔ VL. MADALENA,MANTIDA
701U-10,METRÔ SANTANA – CID. UNIVERSITÁRIA,1,CORTADA
7021-10,JD. MARACÁ – TERM. JOÃO DIAS,JD. MARACÁ – TERM. JOÃO DIAS,MANTIDA
7022-10,JD. CAIÇARA – TERM. STO. AMARO,JD. CAIÇARA – TERM. GUARAPIRANGA,CORTADA
7023-10,JD. NAKAMURA – TERM. STO. AMARO,JD. NAKAMURA – TERM. STO. AMARO,MANTIDA
702C-10,JD. BONFIGLIOLI – METRÔ BELÉM,METRÔ BELÉM – PÇA. DA REPÚBLICA,CORTADA
702C-10,JD. BONFIGLIOLI – METRÔ BELÉM,JD. BONFIGLIOLI – TERM. PINHEIROS,CORTADA
702U-10,CID. UNIVERSITÁRIA – TERM. PQ. D. PEDRO II,TERM. PINHEIROS – TERM. PQ. D. PEDRO II,CORTADA
7040-10,PARAISÓPOLIS – PINHEIROS,PARAISÓPOLIS – PINHEIROS,MANTIDA
7040-21,PARAISÓPOLIS – PINHEIROS,1,EXTINTA
7049-10,PQ. DO LAGO – TERM. CAMPO LIMPO,PQ. DO LAGO – TERM. CAMPO LIMPO,MANTIDA
7050-10,JD. DAS ROSAS – TERM. CAMPO LIMPO,1,EXTINTA
7051-10,JD. ROSANA – TERM. CAMPO LIMPO,JD. ROSANA – TERM. CAMPO LIMPO,MANTIDA
7052-10,JD. HELGA – TERM. CAMPO LIMPO,JD. HELGA – TERM. CAMPO LIMPO,MANTIDA
7053-10,JD. MACEDÔNIA – TERM. CAMPO LIMPO,JD. MACEDÔNIA – TERM. CAMPO LIMPO,MANTIDA
7053-21,JD. MARIA SAMPAIO – TERM. CAMPO LIMPO,JD. MARIA SAMPAIO – TERM. CAMPO LIMPO,MANTIDA
7053-22,JD. MARIA SAMPAIO – TERM. CAMPO LIMPO,1,EXTINTA
7054-10,JD. MACEDÔNIA – TERM. CAMPO LIMPO,JD. MACEDÔNIA – TERM. CAMPO LIMPO,MANTIDA
7055-10,JD. GUARUJÁ – TERM. CAMPO LIMPO,JD. GUARUJÁ – TERM. CAMPO LIMPO,MANTIDA
7057-10,JD. MITSUTANI – TERM. CAMPO LIMPO,JD. MITSUTANI – TERM. CAMPO LIMPO,MANTIDA
7059-10,PQ. DO ENGENHO – TERM. CAMPO LIMPO,PQ. DO ENGENHO – TERM. CAMPO LIMPO,MANTIDA
7060-10,VALO VELHO – TERM. CAMPO LIMPO,VALO VELHO – TERM. CAMPO LIMPO,MANTIDA
7062-10,INOCOOP CAMPO LIMPO – TERM. CAMPO LIMPO,INOCOOP CAMPO LIMPO – TERM. CAMPO LIMPO,MANTIDA
7062-31,CAMPO LIMPO – TERM. CAMPO LIMPO,CAMPO LIMPO – TERM. CAMPO LIMPO,MANTIDA
7062-41,METRÔ CAMPO LIMPO – HORTO DO YPÊ,METRÔ CAMPO LIMPO – HORTO DO YPÊ,MANTIDA
7063-10,JD. MACEDÔNIA – TERM. CAMPO LIMPO,JD. MACEDÔNIA – TERM. CAMPO LIMPO,MANTIDA
707A-10,JD. ÂNGELA – METRÔ PÇA. DA ÁRVORE,JD. ÂNGELA – METRÔ PÇA. DA ÁRVORE,MANTIDA
707A-23,PIRAPORINHA – MOEMA,1,EXTINTA
707K-10,TERM. GUARAPIRANGA – METRÔ JABAQUARA,1,EXTINTA
709A-10,E.T. ÁGUA ESPRAIADA – METRÔ ANA ROSA,1,EXTINTA
709G-10,TERM. GUARAPIRANGA – ITAIM BIBI,1,EXTINTA
709M-10,TERM. STO. AMARO – TERM. PINHEIROS,1,EXTINTA
709P-10,EST. STO. AMARO/GUIDO CALOI – TERM. PINHEIROS,EST. STO. AMARO/GUIDO CALOI – TERM. PINHEIROS,MANTIDA
714C-10,COHAB EDUCANDÁRIO – PAULISTA,1,EXTINTA
715M-10,JD. MARIA LUIZA – LGO. DA PÓLVORA,JD. MARIA LUIZA – PINHEIROS,CORTADA
715M-10,JD. MARIA LUIZA – LGO. DA PÓLVORA,JD. MARIA LUIZA – LGO. DA PÓLVORA,MANTIDA
7181-10,CID. UNIVERSITÁRIA – TERM. PRINC. ISABEL,1,EXTINTA
719P-10,TERM. PINHEIROS – TERM. PRINC. ISABEL,TERM. PINHEIROS – TERM. PRINC. ISABEL,MANTIDA
719R-10,RIO PEQUENO – METRÔ BARRA FUNDA,RIO PEQUENO – PINHEIROS,CORTADA
7245-10,TERM. STO. AMARO – HOSP. DAS CLÍNICAS,TERM. STO. AMARO – HOSP. DAS CLÍNICAS,CORTADA
7267-10,APIACÁS – PÇA. RAMOS DE AZEVEDO,METRÔ BARRA FUNDA – LAPA,CORTADA
7272-10,MERCADO DA LAPA – PÇA. RAMOS DE AZEVEDO,MERCADO DA LAPA – PÇA. RAMOS DE AZEVEDO,MANTIDA
7281-10,LAPA – PÇA. RAMOS DE AZEVEDO,LAPA – METRÔ VL. MADALENA,CORTADA
7282-10,PQ. CONTINENTAL – PÇA. RAMOS DE AZEVEDO,CPTM LEOPOLDINA – PÇA. RAMOS DE AZEVEDO,CORTADA
7282-10,PQ. CONTINENTAL – PÇA. RAMOS DE AZEVEDO,PQ. CONTINENTAL – CPTM CEASA,CORTADA
736G-10,JD. INGÁ – SHOP. MORUMBI,1,EXTINTA
736I-10,JD. INGÁ – STO. AMARO,1,EXTINTA
736I-21,JD. INGÁ – METRÔ VL. DAS BELEZAS,JD. INGÁ – METRÔ VL. DAS BELEZAS,MANTIDA
737A-10,TERM. JD. ÂNGELA – TERM. STO. AMARO,TERM. JD. ÂNGELA – TERM. STO. AMARO,MANTIDA
7411-10,CID. UNIVERSITÁRIA – PÇA. DA SÉ,CID. UNIVERSITÁRIA – PÇA. DA SÉ,MANTIDA
7458-10,JD. BOA VISTA – EST. DA LUZ,JD. BOA VISTA – LUZ,MANTIDA
745M-10,CAMPO LIMPO – SHOP. SP MARKET,TERM. GUARAPIRANGA – TERM. CAMPO LIMPO,CORTADA
745M-10,CAMPO LIMPO – SHOP. SP MARKET,CAMPO LIMPO – TERM. CAMPO LIMPO,CORTADA
745M-21,CAMPO LIMPO – PQ. FIGUEIRA GRANDE,1,EXTINTA
746C-10,JD. TABOÃO – STO. AMARO,JD. TABOÃO – TERM. JOÃO DIAS,CORTADA
746H-10,JD. JAQUELINE – STO. AMARO,JD. JAQUELINE – TERM. JOÃO DIAS,CORTADA
746K-10,PARAISÓPOLIS – CAMPO BELO,PARAISÓPOLIS – CAMPO BELO,MANTIDA
746P-10,PARAISÓPOLIS – STO. AMARO,PARAISÓPOLIS – TERM. JOÃO DIAS,MANTIDA
746P-31,PARAISÓPOLIS – STO. AMARO,PARAISÓPOLIS – STO. AMARO,MANTIDA
746R-10,REAL PQ. – STO. AMARO,REAL PARQUE – TERM. STO. AMARO,MANTIDA
746V-10,JD. REBOUÇAS – HOSP. CAMPO LIMPO,JD. REBOUÇAS – HOSP. CAMPO LIMPO,MANTIDA
748A-10,JD. D’ABRIL – LAPA,1,EXTINTA
748A-41,JD. PERI PERI – LAPA,JD. PERI PERI – CPTM CEASA,CORTADA
748R-10,JD. JOÃO XXIII – METRÔ BARRA FUNDA,SHOP. RAPOSO – TERM. LAPA,CORTADA
748R-10,JD. JOÃO XXIII – METRÔ BARRA FUNDA,JD. JOÃO XXIII – METRÔ BARRA FUNDA,MANTIDA
7545-10,JD. JOÃO XXIII – PÇA. RAMOS DE AZEVEDO,JD. JOÃO XXIII – PÇA. RAMOS DE AZEVEDO,MANTIDA
7545-21,CDHU BUTANTÃ – PÇA. RAMOS DE AZEVEDO,1,EXTINTA
7550-10,TERM. STO. AMARO – METRÔ STA. CECÍLIA,1,EXTINTA
756A-10,JD. PAULO VI – E.T. ÁGUA ESPRAIADA,JD. PAULO VI – E.T. ÁGUA ESPRAIADA,MANTIDA
7600-10,SHOP. MORUMBI – METRÔ ARMÊNIA,TERM. STO. AMARO – LGO. SÃO FRANCISCO,CORTADA
771P-10,JD. JOÃO XXIII – HOSP. DAS CLÍNICAS,1,EXTINTA
7725-10,RIO PEQUENO – TERM. LAPA,RIO PEQUENO – TERM. PINHEIROS,CORTADA
775A-10,JD. ADALGIZA – PINHEIROS,JD. ADALGIZA – BUTANTÃ,CORTADA
775F-10,JD. DAS PALMAS – HOSP. DAS CLÍNICAS,JD. DAS PALMAS – PQ. DO POVO,CORTADA
775F-31,JD. DAS PALMAS – PQ. DO POVO,JD. DAS PALMAS – PQ. DO POVO,MANTIDA
775N-10,RIO PEQUENO – METRÔ VL. MADALENA,RIO PEQUENO – METRÔ VL. MADALENA,MANTIDA
775P-10,JD. GUARAÚ – METRÔ ANA ROSA,1,EXTINTA
775V-10,RIO PEQUENO – ITAIM BIBI,1,EXTINTA
778J-10,JD. ARPOADOR – METRÔ BARRA FUNDA,JD. ARPOADOR – BUTANTÃ,CORTADA
778J-41,COHAB RAPOSO TAVARES – METRÔ BARRA FUNDA,COHAB RAPOSO TAVARES – PINHEIROS,CORTADA
778R-10,COHAB RAPOSO TAVARES – TERM. PRINC. ISABEL,COHAB RAPOSO TAVARES – TERM. PRINC. ISABEL,MANTIDA
778R-21,COHAB RAPOSO TAVARES – TERM. PRINC. ISABEL,1,EXTINTA
7903-10,JD. JOÃO XXIII/EDUC. – PÇA. RAMOS DE AZEVEDO,1,EXTINTA
8000-10,TERM. LAPA – PÇA. RAMOS DE AZEVEDO,TERM. LAPA – TERM. PQ. D. PEDRO II,CORTADA
8001-10,VL. PIAUÍ – TERM. LAPA,VL. PIAUÍ – TERM. LAPA,MANTIDA
8002-10,TERM. PIRITUBA – TERM. LAPA,TERM. PIRITUBA – TERM. LAPA,MANTIDA
8003-10,REMÉDIOS – TERM. LAPA,REMÉDIOS – TERM. LAPA,MANTIDA
8004-10,STA. MÔNICA – TERM. LAPA,STA. MÔNICA – TERM. LAPA,MANTIDA
8006-10,JD. DONÁRIA – TERM. PIRITUBA,JD. DONÁRIA – TERM. PIRITUBA,MANTIDA
8007-10,VL. CLARICE – TERM. PIRITUBA,VL. CLARICE – TERM. PIRITUBA,MANTIDA
8008-10,STA. MÔNICA – TERM. PIRITUBA,STA. MÔNICA – TERM. PIRITUBA,MANTIDA
8009-10,CID. D’ABRIL 3ª GLEBA – TERM. PIRITUBA,CID. D’ABRIL 3ª GLEBA – TERM. PIRITUBA,MANTIDA
8009-31,CID. D’ABRIL 3ª GLEBA – TERM. PIRITUBA,CID. D’ABRIL 3ª GLEBA – TERM. PIRITUBA,MANTIDA
8010-10,PERUS – LAPA,PERUS – TERM. PIRITUBA,CORTADA
8012-10,METRÔ BUTANTÃ – CID. UNIVERSITÁRIA,METRÔ BUTANTÃ – CID. UNIVERSITÁRIA,MANTIDA
8013-10,TERM. JD. BRITÂNIA – LAPA,JD. MONTE BELO – TERM. JD. BRITÂNIA,CORTADA
8013-22,JD. ROSINHA – TERM. JD. BRITÂNIA,JD. ROSINHA – TERM. JD. BRITÂNIA,MANTIDA
8013-41,TERM. JD. BRITANIA – JD. PAINEIRAS,JD. PAINEIRAS – TERM. JD. BRITÂNIA,MANTIDA
8014-10,MORRO DOCE – PERUS,MORO DOCE – CPTM PERUS,CORTADA
8015-10,CEM. DE PERUS – TERM. PIRITUBA,CEM. DE PERUS – CONEXÃO VL. IÓRIO,CORTADA
8015-21,CEM. DE PERUS – CPTM PERUS,CEM. DE PERUS – CPTM PERUS,MANTIDA
8016-10,JD. RINCÃO – TERM. PIRITUBA,JD. RINCÃO – TERM. PIRITUBA,MANTIDA
8017-10,CPTM VL. AURORA – TERM. PIRITUBA,CPTM VL. AURORA – TERM. PIRITUBA,MANTIDA
8018-10,VL. SÔNIA – BUTANTÃ,VL. SÔNIA – BUTANTÃ,MANTIDA
8019-10,PQ. CONTINENTAL – METRÔ BUTANTÃ,PQ. CONTINENTAL – METRÔ BUTANTÃ,MANTIDA
8020-10,BUTANTÃ – SHOP. MORUMBI,BUTANTÃ – SHOP. MORUMBI,MANTIDA
8021-10,JD. MARIA LUIZA – BUTANTÃ,1,EXTINTA
8022-10,METRÔ BUTANTÃ – CID. UNIVERSITÁRIA,METRÔ BUTANTÃ – CID. UNIVERSITÁRIA,MANTIDA
8023-10,CDHU MUNCK – BUTANTÃ,CDHU MUNCK – BUTANTÃ,MANTIDA
8025-10,JD. ROSA MARIA – BUTANTÃ,JD. ROSA MARIA – METRÔ BUTANTÃ,MANTIDA
8026-10,JD. INGÁ – BUTANTÃ,JD. INGÁ – METRÔ BUTANTÃ,CORTADA
8027-10,VL. DALVA – BUTANTÃ,VL. DALVA – BUTANTÃ,MANTIDA
8038-10,PQ. CONTINENTAL – LAPA,PQ. CONTINENTAL – LAPA,MANTIDA
8040-10,SOL NASCENTE – TERM. LAPA,SOL NASCENTE – LAPA,MANTIDA
8043-10,VL. NOVA ESPERANÇA – LAPA,VL. NOVA ESPERANÇA  – PIRITUBA,MANTIDA
8047-10,JARAGUÁ – LAPA,JARAGUÁ – LAPA,MANTIDA
8047-41,JARAGUÁ – METRÔ VL. MADALENA,1,EXTINTA
8047-51,JARAGUÁ – LAPA,1,EXTINTA
8050-10,PQ. MORRO DOCE – LAPA,TERM. JD. BRITÂNIA – TERM. LAPA,CORTADA
8050-21,ANHANGUERA – LAPA,1,EXTINTA
8050-31,PQ. MORRO DOCE – LAPA,MORRO DOCE – TERM. JD. BRITÂNIA,CORTADA
8055-10,PERUS – LAPA,1,EXTINTA
8055-51,PERUS – METRÔ BARRA FUNDA,PERUS – METRÔ BARRA FUNDA,MANTIDA
805L-10,TERM. PRINC. ISABEL – ACLIMAÇÃO,TERM. PRINC. ISABEL – ACLIMAÇÃO,MANTIDA
8060-10,VL. PIAUÍ – TERM. LAPA,VL. PIAUÍ – TERM. LAPA,MANTIDA
8062-10,PQ. SÃO DOMINGOS – LAPA,PQ. SÃO DOMINGOS – LAPA,MANTIDA
8065-10,VL. CLARICE – LAPA,VL. CLARICE – LAPA,MANTIDA
8072-10,PQ. IPÊ – BUTANTÃ,1,EXTINTA
8073-10,JD. GUARAÚ – BUTANTÃ,JD. GUARAÚ – METRÔ BUTANTÃ,MANTIDA
8075-10,TERM. CAMPO LIMPO – METRÔ BUTANTÃ,TERM. CAMPO LIMPO – METRÔ BUTANTÃ,MANTIDA
8077-10,JD. JOÃO XXIII – METRÔ BUTANTÃ,JD. JOÃO XXIII – METRÔ BUTANTÃ,MANTIDA
8078-10,JD. DAS PALMAS – HOSP. CAMPO LIMPO,JD. DAS PALMAS – HOSP. CAMPO LIMPO,MANTIDA
807A-10,TERM. CAMPO LIMPO – TERM. STO. AMARO,TERM. CAMPO LIMPO – TERM. STO. AMARO,MANTIDA
807J-10,TERM. CAMPO LIMPO – SHOP. MORUMBI,TERM. CAMPO LIMPO – SHOP. MORUMBI,MANTIDA
807M-10,TERM. CAMPO LIMPO – SHOP. MORUMBI,1,EXTINTA
807P-10,PARAISÓPOLIS – STO. AMARO,PARAISÓPOLIS – TERM. JOÃO DIAS,CORTADA
809A-10,JD. D’ABRIL – TERM. PINHEIROS,JD. D’ABRIL – PINHEIROS,MANTIDA
809D-10,COHAB EDUCANDÁRIO – TERM. PINHEIROS,COHAB EDUCANDÁRIO – PINHEIROS,MANTIDA
809H-10,JD. BOA VISTA – LAPA,JD. BOA VISTA – CPTM LEOPOLDINA,CORTADA
809J-10,JD. COLOMBO – TERM. PINHEIROS,JD. COLOMBO – PINHEIROS,MANTIDA
809L-10,CAMPO LIMPO – LAPA,CAMPO LIMPO – LAPA,MANTIDA
809N-10,VL. DALVA – LAPA,VL. DALVA – CPTM CEASA,CORTADA
809P-10,TERM. CAMPO LIMPO – TERM. PINHEIROS,TERM. CAMPO LIMPO – TERM. PINHEIROS,MANTIDA
809R-10,RIO PEQUENO – TERM. PINHEIROS,RIO PEQUENO – PINHEIROS,MANTIDA
809T-10,COHAB RAPOSO TAVARES – LAPA,1,EXTINTA
809U-10,CID. UNIVERSITÁRIA – METRÔ BARRA FUNDA,METRÔ BARRA FUNDA – METRÔ VL. MADALENA,CORTADA
809U-10,CID. UNIVERSITÁRIA – METRÔ BARRA FUNDA,CID. UNIVERSITÁRIA – METRÔ VL. MADALENA,CORTADA
809U-21,METRÔ BARRA FUNDA – METRÔ VILA MADALENA,1,EXTINTA
809V-10,VL. GOMES – PAULISTA,VL. GOMES – PINHEIROS,CORTADA
8100-10,TERM. PIRITUBA – TERM. LAPA,TERM. PIRITUBA – TERM. LAPA,MANTIDA
817C-10,LAPA – HOSP. DAS CLÍNICAS,1,EXTINTA
8194-10,PERUS – TERM. CACHOEIRINHA,PERUS – TERM. CACHOEIRINHA,MANTIDA
8199-10,PIRITUBA – CEM. VL. NOVA CACHOEIRINHA,SANTA MÔNICA – TERM. PIRITUBA,CORTADA
8199-10,PIRITUBA – CEM. VL. NOVA CACHOEIRINHA,TERM. PIRITUBA – IMIRIM,CORTADA
819A-10,CPTM VL. AURORA – JD. PRIMAVERA,CPTM VL. AURORA – TERM. CACHOEIRINHA,CORTADA
8200-10,TERM. PIRITUBA – TERM. LAPA,CONEXÃO VL. IÓRIO – LAPA,CORTADA
8200-10,TERM. PIRITUBA – TERM. LAPA,TERM. PIRITUBA – TERM. LAPA,MANTIDA
8215-10,JD. PAULISTANO – PÇA. DO CORREIO,JD. PAULISTANO – PÇA. DO CORREIO,MANTIDA
8252-10,METRÔ BARRA FUNDA – LAPA,1,EXTINTA
8300-10,TERM. PIRITUBA – TERM. LAPA,1,EXTINTA
8319-10,PQ. CONTINENTAL – SESC POMPÉIA,PQ. CONTINENTAL – LAPA,CORTADA
8319-21,SHOP. VILLA LOBOS – PQ. CONTINENTAL,SHOP. VILLA LOBOS – PQ. CONTINENTAL,MANTIDA
8400-10,TERM. PIRITUBA – PÇA. RAMOS DE AZEVEDO,TERM. PIRITUBA – PÇA. RAMOS DE AZEVEDO,MANTIDA
846M-10,VL. PIAUÍ – TERM. PINHEIROS,VL. PIAUÍ – CPTM CEASA,CORTADA
847J-10,CITY JARAGUÁ – JAGUARÉ,1,EXTINTA
847P-10,TERM. PIRITUBA – ITAIM BIBI,TERM. LAPA – TERM. PINHEIROS,CORTADA
847P-10,TERM. PIRITUBA – ITAIM BIBI,PIRITUBA – METRÔ VL. MADALENA,CORTADA
847P-42,BRASILÂNDIA – ITAIM BIBI,1,EXTINTA
848L-10,RECANTO DOS HUMILDES – TERM. PIRITUBA,RECANTO DOS HUMILDES – TERM. PIRITUBA,MANTIDA
8500-10,"TERM.
PIRITUBA – METRÔ BARRA FUNDA",TERM. PIRITUBA – METRÔ BARRA FUNDA,MANTIDA
8528-10,JD. GUARANI – PÇA. DO CORREIO,JD. GUARANI – PÇA. DO CORREIO,MANTIDA
8538-10,FREGUESIA DO Ó – PÇA. DO CORREIO,CONEXÂO VL. IÓRIO – FREGUESIA DO Ó,CORTADA
8542-10,BRASILÂNDIA – PÇA. DO CORREIO,BRASILÂNDIA – CONEXÃO JOÃO PAULO I,CORTADA
8542-10,BRASILÂNDIA – PÇA. DO CORREIO,BRASILÂNDIA – PÇA. DO CORREIO,MANTIDA
8544-10,CID. D’ABRIL 3ª GLEBA – PÇA. DO CORREIO,CID. D’ABRIL 3ª GLEBA – TERM. PIRITUBA,CORTADA
8545-10,PENTEADO – METRÔ BARRA FUNDA,PENTEADO – CONEXÃO JOÃO PAULO I,CORTADA
8545-10,PENTEADO – METRÔ BARRA FUNDA,CONEXÃO JOÃO PAULO I – METRÔ BARRA FUNDA,CORTADA
8548-10,JD. DOS CUNHAS – TERM. LAPA,JD. DOS CUNHAS – TERM. CACHOEIRINHA,CORTADA
8549-10,TAIPAS – PÇA. DO CORREIO,TAIPAS – CONEXÃO JOÃO PAULO I,CORTADA
856R-10,LAPA – SOCORRO,1,EXTINTA
857A-10,TERM. CAMPO LIMPO – METRÔ STA. CRUZ,1,EXTINTA
857C-10,TERM. CAMPO LIMPO – METRÔ CONCEIÇÃO,TERM. CAMPO LIMPO – METRÔ CONCEIÇÃO,MANTIDA
857P-10,TERM. CAMPO LIMPO – PARAÍSO,TERM. CAMPO LIMPO – METRÔ ANA ROSA,CORTADA
857P-21,CAMPO LIMPO – PARAISO,1,EXTINTA
857R-10,TERM. CAMPO LIMPO – ACLIMAÇÃO,1,EXTINTA
857R-41,EST. HEBRAICA REBOUÇAS – ANA ROSA,EST. HEBRAICA REBOUÇAS – ANA ROSA,MANTIDA
8594-10,CID. D’ABRIL  – PÇA. RAMOS DE AZEVEDO,CID. D’ABRIL  – PÇA. RAMOS DE AZEVEDO,MANTIDA
8594-21,CID. PIRITUBA – PÇA. RAMOS DE AZEVEDO,1,EXTINTA
8594-41,COHAB PEDRA VERDE – PÇA. RAMOS DE AZEVEDO,1,EXTINTA
8600-10,TERM. PIRITUBA – LGO. DO PAISSANDÚ,TERM. PIRITUBA – LGO. DO PAISSANDÚ,MANTIDA
8600-22,VL. IÓRIO – LGO. DO PAISSANDÚ,VL. IÓRIO – LGO. DO PAISSANDÚ,MANTIDA
8605-10,"TERM.
CAMPO LIMPO – TERM. BANDEIRA",TERM. CAMPO LIMPO – TERM. BANDEIRA,MANTIDA
8610-10,JD. PAULO VI – TERM. BANDEIRA,JD. PAULO VI – TERM. BANDEIRA,MANTIDA
8615-10,PQ. DA LAPA – TERM. PQ. D. PEDRO II,PQ. DA LAPA – LAPA,CORTADA
8622-10,MORRO DOCE – PÇA. RAMOS DE AZEVEDO,TERM. JD. BRITÂNIA – PÇA. RAMOS DE AZEVEDO,CORTADA
8677-10,JD. LÍBANO – PÇA. DA REPÚBLICA,JD. LÍBANO – PÇA. DA REPÚBLICA,MANTIDA
8686-10,MANGALOT – LGO. DO PAISSANDÚ,MANGALOT – LAPA,CORTADA
8686-10,MANGALOT – LGO. DO PAISSANDÚ,MANGALOT – LGO. DO PAISSANDÚ,CORTADA
8696-10,JARAGUÁ – PÇA. RAMOS DE AZEVEDO,1,EXTINTA
8696-41,JARAGUÁ – PÇA. RAMOS DE AZEVEDO,JARAGUÁ  – LAPA,CORTADA
8700-10,TERM. CAMPO LIMPO – PÇA. RAMOS DE AZEVEDO,TERM. CAMPO LIMPO – PÇA. RAMOS DE AZEVEDO,MANTIDA
8700-21,LGO. DO TABOÃO – PÇA. RAMOS DE AZEVEDO,LGO. DO TABOÃO – PÇA. RAMOS DE AZEVEDO,MANTIDA
8700-22,HOSP. DAS CLÍNICAS – TERM. CAMPO LIMPO,1,EXTINTA
8700-23,PÇA. RAMOS DE AZEVEDO – BUTANTÃ,1,EXTINTA
8705-10,SHOP. CONTINENTAL – ANHANGABAÚ,SHOP. CONTINENTAL – ANHANGABAÚ,MANTIDA
8707-10,RIO PEQUENO – TERM. PRINC. ISABEL,RIO PEQUENO – PINHEIROS,CORTADA
874C-10,PQ. CONTINENTAL – METRÔ – TRIANON – MASP,1,EXTINTA
874T-10,IPIRANGA – LAPA,TERM. SACOMÃ – TERM. LAPA,CORTADA
875A-10,AEROPORTO – PERDIZES,AEROPORTO – METRÔ SÃO JUDAS,CORTADA
875C-10,TERM. LAPA – METRÔ STA. CRUZ,1,EXTINTA
875H-10,TERM. LAPA – METRÔ VL. MARIANA,TERM. LAPA – METRÔ ANA ROSA,CORTADA
875P-10,METRÔ BARRA FUNDA – METRÔ ANA ROSA,1,EXTINTA
877T-10,VL. ANASTÁCIO – METRÔ PARAÍSO,1,EXTINTA
888P-10,PERUS – COHAB TAIPAS,CPTM PERUS – COHAB TAIPAS,CORTADA
9002-10,JD. PERY ALTO – TERM. CACHOEIRINHA,JD. PERY ALTO – TERM. CACHOEIRINHA,MANTIDA
9004-10,JD. ELISA MARIA – TERM. CACHOEIRINHA,JD. ELISA MARIA – TERM. CACHOEIRINHA,MANTIDA
9005-10,JD. PRINCESA – TERM. CACHOEIRINHA,JD. PRINCESA – TERM. CACHOEIRINHA,MANTIDA
9005-41,JD. VISTA ALEGRE – TERM. CACHOEIRINHA,1,EXTINTA
9005-42,SÍTIO DOS FRANCOS – TERM. CACHOEIRINHA,SÍTIO DOS FRANCOS – TERM. CACHOEIRINHA,MANTIDA
9006-10,VL. PENTEADO – TERM. CACHOEIRINHA,VL. PENTEADO – TERM. CACHOEIRINHA,MANTIDA
9008-10,PQ. DE TAIPAS – TERM. CACHOEIRINHA,PQ. DE TAIPAS – TERM. CACHOEIRINHA,MANTIDA
9008-41,ESTÂNCIA JARAGUÁ – TERM. CACHOEIRINHA,ESTÂNCIA JARAGUÁ – TERM. CACHOEIRINHA,MANTIDA
9009-10,COHAB BRASILÂNDIA – TERM. CACHOEIRINHA,COHAB BRASILÂNDIA – TERM. CACHOEIRINHA,MANTIDA
9011-10,CPTM JARAGUÁ – TERM. CACHOEIRINHA,CPTM JARAGUÁ – TERM. CACHOEIRINHA,MANTIDA
9011-21,CPTM JARAGUÁ – CITY JARAGUÁ,CPTM JARAGUÁ – CITY JARAGUÁ,MANTIDA
9012-10,ITABERABA – TERM. LAPA,1,EXTINTA
9014-10,MORRO GRANDE – TERM. LAPA,MORRO GRANDE – TERM. LAPA,MANTIDA
9014-42,JD. IRACEMA – TERM. LAPA,JD. IRACEMA – CONEXÃO PETRONIO PORTELA,CORTADA
9015-10,VL. ZATT – TERM. PIRITUBA,VL. ZATT – TERM. PIRITUBA,MANTIDA
9018-10,VL. MIRANTE – TERM. PIRITUBA,VL. MIRANTE – TERM. PIRITUBA,MANTIDA
9019-10,JD. PAULISTANO – TERM. PIRITUBA,JD. PAULISTANO – TERM. PIRITUBA,MANTIDA
9020-10,VL. MIRANTE – TERM. PIRITUBA,VL. MIRANTE – TERM. PIRITUBA,MANTIDA
9023-10,PQ. DE TAIPAS – TERM. PIRITUBA,PQ. DE TAIPAS – TERM. PIRITUBA,MANTIDA
9032-10,JD. DAMASCENO – TERM. CACHOEIRINHA,JD. DAMASCENO – TERM. CACHOEIRINHA,CORTADA
9032-21,JD. DAMASCENO – TERM. CACHOEIRINHA,JD. DAMASCENO – TERM. CACHOEIRINHA,MANTIDA
9047-10,JD. PAULISTANO – LAPA,JD. PAULISTANO – CONEXÃO JOÃO PAULO I,CORTADA
9050-10,TERM. LAPA – ITAIM BIBI,1,EXTINTA
9051-10,LAPA – TERM. PINHEIROS,TERM. LAPA – TERM. PINHEIROS,MANTIDA
908T-10,TERM. PQ. D. PEDRO II – BUTANTÃ,TERM. PQ. D. PEDRO II – CID. UNIVERSITÁRIA,CORTADA
9090-10,PQ. TIETÊ – TERM. CASA VERDE,PQ. TIETÊ – TERM. CASA VERDE,MANTIDA
909T-10,TERM. PINHEIROS – TERM. PQ. D. PEDRO II,TERM. PINHEIROS – TERM. PQ. D. PEDRO II,MANTIDA
9162-10,VL. PENTEADO – TERM. CASA VERDE,VL. PENTEADO – TERM. CASA VERDE,MANTIDA
9166-10,JD. STA. CRUZ – TERM. CACHOEIRINHA,1,EXTINTA
917H-10,TERM. PIRITUBA – METRÔ VL. MARIANA,TERM. PIRITUBA – METRÔ ANA ROSA,CORTADA
917M-10,MORRO GRANDE – METRÔ ANA ROSA,MORRO GRANDE – METRÔ BARRA FUNDA,CORTADA
917M-31,MORRO GRANDE – METRÔ ANA ROSA,1,EXTINTA
9181-10,VL. TEREZINHA – LAPA,VL. TEREZINHA – CONEXÃO JOÃO PAULO I (VIA JOAQUIM FERREIRA DA ROCHA),CORTADA
9188-10,CAPELA DA LAGOA  – LAPA,CAPELA DA LAGOA – TERM. PIRITUBA,CORTADA
9188-42,CAPELA DA LAGOA – LAPA,CAPELA DA LAGOA – TERM. PIRITUBA,CORTADA
9191-10,JD. ELISA MARIA – BOM RETIRO,JD. ELISA MARIA – TERM. CACHOEIRINHA,CORTADA
9191-21,METRÔ BARRA FUNDA – BOM RETIRO,METRÔ BARRA FUNDA – BOM RETIRO,MANTIDA
9300-10,TERM. CASA VERDE – TERM. PQ. D. PEDRO II,TERM. CASA VERDE – TERM. PQ. D. PEDRO II,MANTIDA
9301-10,TERM. CASA VERDE – PÇA. DO CORREIO,TERM. CASA VERDE – PÇA. DO CORREIO,MANTIDA
930P-10,TERM. PQ. D. PEDRO II – TERM. PINHEIROS,1,EXTINTA
9354-10,TERM. CACHOEIRINHA – PÇA. DO CORREIO,TERM. CACHOEIRINHA – PÇA. DO CORREIO,MANTIDA
938C-10,COHAB TAIPAS – TERM. PRINC. ISABEL,COHAB TAIPAS – TERM. LAPA,CORTADA
938C-10,COHAB TAIPAS – TERM. PRINC. ISABEL,COHAB TAIPAS – TERM. PRINC. ISABEL,CORTADA
938L-10,"TERM. CACHOEIRINHA
– LAPA",TERM. CACHOEIRINHA – LAPA,MANTIDA
938P-10,JD. TEREZA – METRÔ BARRA FUNDA,JD. TEREZA – CONEXÃO JOÃO PAULO I,CORTADA
938P-21,VL. PENTEADO – METRÔ BARRA FUNDA,1,EXTINTA
938V-10,JD. VISTA ALEGRE – METRÔ BARRA FUNDA,JD. VISTA ALEGRE – TERM. CACHOEIRINHA,CORTADA
948A-10,VL. ZATT – METRÔ BARRA FUNDA,1,EXTINTA
9500-10,TERM. CACHOEIRINHA – PÇA. DO CORREIO,TERM. CACHOEIRINHA – PÇA. DO CORREIO,MANTIDA
9501-10,TERM. CACHOEIRINHA – LGO. DO PAISSANDÚ,TERM. CACHOEIRINHA – LGO. DO PAISSANDÚ,MANTIDA
957T-10,COHAB TAIPAS – ITAIM BIBI,TERM. LAPA – PQ. DO POVO,CORTADA
958P-10,JD. NARDINI – ITAIM BIBI,JD. NARDINI – CPTM CEASA,CORTADA
9653-10,PEDRA BRANCA – PÇA. DO CORREIO,PEDRA BRANCA – CACHOEIRINHA,CORTADA
9653-10,PEDRA BRANCA – PÇA. DO CORREIO,PEDRA BRANCA – PÇA. DO CORREIO,MANTIDA
967A-10,IMIRIM – PINHEIROS,1,EXTINTA
9701-10,HOSP. CACHOEIRINHA – METRÔ SANTANA,HOSP. CACHOEIRINHA – METRÔ SANTANA,MANTIDA
9717-10,JD. ALMANARA – METRÔ SANTANA,JD. ALMANARA – METRÔ SANTANA,MANTIDA
971A-10,JD. PRIMAVERA – SHOP. D,JD. PRIMAVERA – SHOP. D,MANTIDA
971C-10,COHAB BRASILÂNDIA – METRÔ SANTANA,1,EXTINTA
971D-10,JD. DAMASCENO – SHOP. CENTER NORTE,JD. DAMASCENO – MANDAQUI,CORTADA
971M-10,VL. PENTEADO – METRÔ SANTANA,VL. PENTEADO – METRÔ SANTANA,MANTIDA
971R-10,CPTM JARAGUÁ – METRÔ SANTANA,CPTM JARAGUÁ – METRÔ SANTANA,MANTIDA
971R-21,JD. DAMASCENO – METRÔ SANTANA,1,EXTINTA
971R-42,CDHU VOITH – METRÔ SANTANA,CDHU VOITH – TERM. CACHOEIRINHA,CORTADA
971R-51,CHICA LUISA – METRÔ SANTANA,1,EXTINTA
971T-10,VL. STA. MARIA – METRÔ SANTANA,VL. STA. MARIA – METRÔ SANTANA,MANTIDA
971V-10,JD. VISTA ALEGRE – SHOP. CENTER NORTE,JD. VISTA ALEGRE – SHOP. CENTER NORTE,MANTIDA
971X-10,TERM. CACHOEIRINHA – METRÔ SANTANA,TERM. CACHOEIRINHA – METRÔ SANTANA,MANTIDA
975A-10,VL. BRASILÂNDIA – METRÔ ANA ROSA,VL. BRASILÂNDIA – METRÔ BARRA FUNDA,CORTADA
9784-10,JD. DOS FRANCOS – METRÔ BARRA FUNDA,JD. DOS FRANCOS – TERM. CASA VERDE,CORTADA
9785-10,VL. TEREZINHA – METRÔ BARRA FUNDA,VL. TEREZINHA – CONEXÃO JOÃO PAULO I (VIA DOMINGOS VEGA),CORTADA
9785-51,JD. CAROMBÉ – TERM. CACHOEIRINHA,JD. CAROMBÉ – TERM. CACHOEIRINHA,MANTIDA
9789-10,JD. PAULISTANO – METRÔ BARRA FUNDA,1,EXTINTA
978A-10,TERM. CACHOEIRINHA – METRÔ BARRA FUNDA,TERM. CACHOEIRINHA – METRÔ BARRA FUNDA,MANTIDA
978J-10,VOITH – TERM. PRINC. ISABEL,1,EXTINTA
978L-10,TERM. CACHOEIRINHA – TERM. PRINC. ISABEL,1,EXTINTA
978T-10,JD. GUARANI – METRÔ BARRA FUNDA,JD. GUARANI – METRÔ BARRA FUNDA,MANTIDA
